"model_id","location","wis_scaled_relative_skill","wis_scaled_relative_skill__log","wis","wis__log","ae_median_scaled_relative_skill","ae_median_scaled_relative_skill__log","ae_median","ae_median__log","interval_coverage_50","interval_coverage_95","n"
"FluSight-baseline","US",1,1,2106.27557419474,0.342871303171339,1,1,2966.64655172414,0.473537419520439,0.0862068965517241,0.887931034482759,116
"UMass-AR2","US",0.777012713560682,0.609168933954287,1636.60289941164,0.208866546236402,0.871334346470642,0.700200718997691,2584.94103435594,0.331571241620523,0.448275862068966,0.905172413793103,116
"UMass-AR6_fourierP_thetaP","US",0.80833896478222,0.703202945329403,1702.58461719066,0.241108110259016,0.867443660442215,0.772805533656282,2573.39874406586,0.365952338198712,0.275862068965517,0.793103448275862,116
"UMass-AR6_pooled","US",0.841452765462649,0.662534198204914,1772.3314067326,0.227163963934097,0.88501912546706,0.742193340196497,2625.53893677676,0.351456319101904,0.293103448275862,0.853448275862069,116
"UMass-chronos_small","US",1.24854057622106,0.959465947213308,2629.77051908545,0.32897333966955,1.12182981875623,0.945651158812097,3328.07256343447,0.447801209510393,0.25,0.629310344827586,116
"UMass-flusion","US",0.543432178861954,0.490524774034649,1144.61792456836,0.168186868511087,0.608439903391858,0.531777786052937,1805.02614132882,0.2518166805658,0.448275862068966,0.887931034482759,116
"UMass-flusion_spatial2_prod","US",0.477677306086004,0.475816256264259,1006.1200421561,0.163143739855434,0.510874747211996,0.49935494633234,1515.58480717941,0.236463252710983,0.525862068965517,0.896551724137931,116
"UMass-gbqr","US",0.939233646826342,0.858375597015744,1978.28488877218,0.294312359559264,1.05092298530307,0.954216115007239,3117.717050477,0.451857036765346,0.21551724137931,0.689655172413793,116
"UMass-trends_ensemble","US",1.03043745567716,0.821091721916917,2170.38524362819,0.281528788716852,0.967335113663111,0.808391662915016,2869.74137931034,0.382803702018613,0.198275862068966,0.46551724137931,116
