"model_id","reference_date","wis_scaled_relative_skill","wis_scaled_relative_skill__log","wis","wis__log","ae_median_scaled_relative_skill","ae_median_scaled_relative_skill__log","ae_median","ae_median__log","interval_coverage_50","interval_coverage_95","n"
"FluSight-baseline",2023-10-21,1,1,12.212896210932,0.483026354048766,1,1,18.2884579687143,0.596438698601976,0.778846153846154,1,208
"FluSight-baseline",2023-10-28,1,1,16.2674060452283,0.505583725888656,1,1,25.6682662980476,0.718790989619749,0.730769230769231,0.980769230769231,208
"FluSight-baseline",2023-11-04,1,1,20.3371177120545,0.512654010208017,1,1,32.6634615384615,0.785790635748042,0.399038461538462,0.971153846153846,208
"FluSight-baseline",2023-11-11,1,1,27.2163921250907,0.534329665469665,1,1,43.1009623798161,0.821772735655448,0.293269230769231,0.971153846153846,208
"FluSight-baseline",2023-11-18,1,1,34.4013102176579,0.520272354786481,1,1,53.1057692307692,0.779990433925657,0.225961538461538,0.947115384615385,208
"FluSight-baseline",2023-11-25,1,1,47.2609281152972,0.557880850218765,1,1,70.0288461538462,0.854502458922666,0.129807692307692,0.923076923076923,208
"FluSight-baseline",2023-12-02,1,1,81.6561060078278,0.629001610628675,1,1,109.730769230769,0.911057606751274,0.0961538461538462,0.807692307692308,208
"FluSight-baseline",2023-12-09,1,1,123.255019102809,0.651847247828518,1,1,155.081730769231,0.8995047852533,0.0625,0.634615384615385,208
"FluSight-baseline",2023-12-16,1,1,149.994882000958,0.686035879259647,1,1,185.158653846154,0.913336648432525,0.0480769230769231,0.5,208
"FluSight-baseline",2023-12-23,1,1,126.638433712611,0.515533846150671,1,1,159.600961538462,0.680491656971389,0.0576923076923077,0.528846153846154,208
"FluSight-baseline",2023-12-30,1,1,68.9550323308827,0.272282436980908,1,1,93.1009615384615,0.373010701215449,0.153846153846154,0.754807692307692,208
"FluSight-baseline",2024-01-06,1,1,88.3894204929754,0.264963593331295,1,1,118.610576923077,0.355729529687889,0.125,0.764423076923077,208
"FluSight-baseline",2024-01-13,1,1,88.2607959996182,0.326767775780889,1,1,119.456730769231,0.435192824551891,0.125,0.677884615384615,208
"FluSight-baseline",2024-01-20,1,1,54.4865428315269,0.247766769845851,1,1,80.2884615384615,0.352279960205558,0.163461538461538,0.899038461538462,208
"FluSight-baseline",2024-01-27,1,1,48.674753795755,0.224403778685081,1,1,71.4759615384615,0.327635770899062,0.153846153846154,0.947115384615385,208
"FluSight-baseline",2024-02-03,1,1,43.9545911126288,0.227018459433493,1,1,64.8605769230769,0.326370911274935,0.192307692307692,0.932692307692308,208
"FluSight-baseline",2024-02-10,1,1,34.651196839476,0.205493354904404,1,1,51.7403846153846,0.297422039648753,0.254807692307692,0.961538461538462,208
"FluSight-baseline",2024-02-17,1,1,32.3873423397137,0.199842778318718,1,1,47.2932692307692,0.2732949833409,0.326923076923077,0.942307692307692,208
"FluSight-baseline",2024-02-24,1,1,30.1348440916333,0.200842964489768,1,1,45.3076923076923,0.287462198976208,0.317307692307692,0.971153846153846,208
"FluSight-baseline",2024-03-02,1,1,31.9205020493496,0.207695600702313,1,1,47.1394230769231,0.283098153686281,0.355769230769231,0.966346153846154,208
"FluSight-baseline",2024-03-09,1,1,44.3821472290061,0.27748555549003,1,1,66.0817307692308,0.400970537758375,0.235576923076923,0.923076923076923,208
"FluSight-baseline",2024-03-16,1,1,41.5473504339892,0.297460859353159,1,1,62.1730769230769,0.434335677112468,0.192307692307692,0.9375,208
"FluSight-baseline",2024-03-23,1,1,26.7540625908091,0.284627289898144,1,1,41.2932692307692,0.422317422004026,0.25,0.975961538461538,208
"FluSight-baseline",2024-03-30,1,1,20.5675783778068,0.284614755571298,1,1,31.9567307692308,0.425820912039828,0.399038461538462,0.990384615384615,208
"FluSight-baseline",2024-04-06,1,1,23.1632340907601,0.354204972961812,1,1,36.3798076923077,0.549515596230109,0.274038461538462,1,208
"FluSight-baseline",2024-04-13,1,1,28.1687367752278,0.461159013971202,1,1,44.0528846153846,0.708739989145209,0.278846153846154,0.995192307692308,208
"FluSight-baseline",2024-04-20,1,1,25.5494690938847,0.565408972956906,1,1,41.3605769230769,0.918149775676485,0.331730769230769,1,208
"FluSight-baseline",2024-04-27,1,1,19.1018893330882,0.664025653940357,1,1,31.3834951456311,1.10252791499049,0.33495145631068,1,208
"FluSight-baseline",2024-05-04,1,1,17.2602379874135,0.712302776562035,1,1,28.3921568627451,1.24159927317879,0.372549019607843,1,208
"UMass-AR2",2023-10-21,0.857017411699325,0.754210255153324,10.4666647000454,0.3643034297329,0.847185311732593,0.823806313413052,15.4937129653337,0.491349965472172,0.769230769230769,0.990384615384615,208
"UMass-AR2",2023-10-28,0.707350262732401,0.717716831485328,11.5067539400669,0.362865949795353,0.651735347381238,0.636276359248913,16.7289164524322,0.457349713936177,0.716346153846154,0.975961538461538,208
"UMass-AR2",2023-11-04,0.839446619355933,0.829794209661967,17.0719247108278,0.425397329230599,0.864437524088724,0.809570778796272,28.2355218204749,0.63615313695336,0.519230769230769,0.961538461538462,208
"UMass-AR2",2023-11-11,0.788164815730769,0.759406156101436,21.4510026841285,0.405773237345285,0.80895214740771,0.722480987050363,34.8666160724912,0.593715177187425,0.514423076923077,0.923076923076923,208
"UMass-AR2",2023-11-18,0.715435378163997,0.759935732190787,24.611914384907,0.395373552873289,0.765707839365588,0.776376111228569,40.6635038155398,0.605565939886685,0.408653846153846,0.942307692307692,208
"UMass-AR2",2023-11-25,0.792725044291606,0.81270064139258,37.4649213334614,0.453390124793428,0.870918017707582,0.848123918350176,60.9893838746569,0.724723973701352,0.3125,0.903846153846154,208
"UMass-AR2",2023-12-02,0.843439125371556,0.836912410535198,68.8719546324894,0.526419254181766,0.93564067481562,0.892222080051699,102.668570971114,0.812865712942545,0.197115384615385,0.75,208
"UMass-AR2",2023-12-09,0.790881194365948,0.84091828100433,97.4800767196274,0.548150267121361,0.908673354605794,0.922441496880568,140.918636536149,0.829740540560288,0.1875,0.706730769230769,208
"UMass-AR2",2023-12-16,0.871296340230781,0.961328949646123,130.689991740783,0.659506151228231,0.981629520517983,1.06962941544462,181.757200594755,0.976931745367032,0.0865384615384615,0.5625,208
"UMass-AR2",2023-12-23,0.778484008444418,0.89285966093537,98.5859954997158,0.460299375074795,0.940993929914255,1.03138354195019,150.183536016171,0.701847895434704,0.158653846153846,0.644230769230769,208
"UMass-AR2",2023-12-30,0.967051777719874,0.938698074890844,66.6830865983115,0.255590999420566,1.07551906276718,1.04061818837241,100.131858896569,0.388161720142341,0.471153846153846,0.875,208
"UMass-AR2",2024-01-06,1.02444994106074,0.865812249899124,90.5505366144214,0.229408724883525,1.19737175973341,0.993649474474004,142.02095521338,0.353470460229256,0.504807692307692,0.899038461538462,208
"UMass-AR2",2024-01-13,0.458246265467885,0.562481480303996,40.4451801540479,0.183800822236879,0.516494145124397,0.639241964976825,61.698702038009,0.278193516310365,0.663461538461538,0.985576923076923,208
"UMass-AR2",2024-01-20,0.721220925132184,0.81196399496679,39.2968348282082,0.201177696264055,0.757407621332726,0.846912852183597,60.8110926743102,0.298350425864814,0.639423076923077,0.975961538461538,208
"UMass-AR2",2024-01-27,1.08278080353374,1.15548971598435,52.7040890267745,0.259296258498638,1.14861937886899,1.2056039089492,82.0986745463716,0.394998966107495,0.504807692307692,0.927884615384615,208
"UMass-AR2",2024-02-03,0.871189624312995,0.96332398556502,38.2927837182424,0.218692327138303,0.935380475451625,1.01920429636583,60.6693172803744,0.332638634980244,0.581730769230769,0.971153846153846,208
"UMass-AR2",2024-02-10,1.00806069391534,1.00718084816236,34.9305095309993,0.206968971484347,1.08667274043731,1.06490343399184,56.2248655412806,0.316725751366815,0.572115384615385,0.985576923076923,208
"UMass-AR2",2024-02-17,0.98351125338289,1.08236585808388,31.8533156582726,0.216303000236806,1.1088471884359,1.20223332072824,52.4410086184806,0.328564335360301,0.557692307692308,0.975961538461538,208
"UMass-AR2",2024-02-24,0.921082576523064,0.940465365371056,27.7566798390425,0.188885851981076,0.878688500623618,0.95911528159412,39.8113482205624,0.275709387918731,0.625,0.980769230769231,208
"UMass-AR2",2024-03-02,0.982783749206522,1.04807589802313,31.3709506806143,0.21768075322153,0.933890383299251,1.08497819794568,44.0230538858132,0.30715532462829,0.673076923076923,0.966346153846154,208
"UMass-AR2",2024-03-09,0.631468505242879,0.718230111809116,28.0259281701698,0.199298481545019,0.663765617898125,0.767551752764346,43.862780855816,0.307765639063303,0.625,0.990384615384615,208
"UMass-AR2",2024-03-16,0.533632244770389,0.662053027628047,22.1710058763517,0.1969348625356,0.519520312731765,0.676846372224462,32.300176366573,0.293978527381229,0.629807692307692,0.990384615384615,208
"UMass-AR2",2024-03-23,0.734437435433367,0.766690197443997,19.6491851166176,0.218220953089958,0.694948503038787,0.761634080650805,28.6966956375007,0.321651341450854,0.677884615384615,1,208
"UMass-AR2",2024-03-30,0.797698482241362,0.812290152573541,16.4067260553567,0.23118976322769,0.731511448038569,0.807320250978856,23.3767143995787,0.343773845580039,0.658653846153846,0.995192307692308,208
"UMass-AR2",2024-04-06,0.794201847703085,0.814721669559511,18.3962833136608,0.288578466937729,0.784576226892314,0.858012509428844,28.5427322542988,0.471491255691683,0.528846153846154,0.995192307692308,208
"UMass-AR2",2024-04-13,0.824586490244899,0.858710447714673,23.2275597921175,0.396002063354868,0.857350877076117,0.926179842028967,37.768779262733,0.656420691186122,0.389423076923077,0.980769230769231,208
"UMass-AR2",2024-04-20,0.797089201999146,0.891854306720031,20.3652059315464,0.504262427589766,0.804896962047567,0.904584896276577,33.2910027139193,0.830544419596676,0.399038461538462,0.961538461538462,208
"UMass-AR2",2024-04-27,0.825897768515771,0.963270334464049,15.7762077746328,0.639636213763836,0.796170165633059,0.938449597901062,24.9866025282414,1.03466687849752,0.378640776699029,0.932038834951456,208
"UMass-AR2",2024-05-04,1.02082951664151,1.05502224767588,17.6197604018089,0.75149527635425,1.0030283227203,1.01121915585103,28.4781374764509,1.25552896892912,0.279411764705882,0.916666666666667,208
"UMass-AR6_fourierP_thetaP",2023-10-21,3.68624095379847,1.83779573787631,45.0196781772277,0.887703774752757,3.55083650067269,2.08035672347293,64.939324096329,1.24080525677606,0.105769230769231,0.514423076923077,208
"UMass-AR6_fourierP_thetaP",2023-10-28,2.49119071987263,1.47662878944596,40.5252109762727,0.746559485122543,2.35370875373336,1.50967033629141,60.4156230788736,1.08513743502248,0.0961538461538462,0.5625,208
"UMass-AR6_fourierP_thetaP",2023-11-04,1.4657117381045,1.02694083003159,29.8083521497713,0.526465334762042,1.41323317034986,1.02613590568398,46.1610873046007,0.806327985691311,0.230769230769231,0.783653846153846,208
"UMass-AR6_fourierP_thetaP",2023-11-11,0.91494735328806,0.705458004228937,24.9015659409017,0.376947139402546,0.931983141715697,0.74610004491786,40.1693703297111,0.613124674984803,0.3125,0.9375,208
"UMass-AR6_fourierP_thetaP",2023-11-18,0.739350042895328,0.618210862274195,25.4346101850808,0.321638021069977,0.782699308114684,0.675832548375374,41.5658488338211,0.52714292266839,0.298076923076923,0.899038461538462,208
"UMass-AR6_fourierP_thetaP",2023-11-25,0.397436920541742,0.362475902814093,18.7832377320884,0.202218364845741,0.428710066217463,0.379974107649848,30.0220712717479,0.324688809313741,0.548076923076923,0.985576923076923,208
"UMass-AR6_fourierP_thetaP",2023-12-02,0.382665422604062,0.319202221653533,31.2469683136876,0.200778711536323,0.435071186233098,0.3395506201387,47.7406959355011,0.309350175354475,0.581730769230769,0.956730769230769,208
"UMass-AR6_fourierP_thetaP",2023-12-09,0.45878744661114,0.354697691692837,56.5478554961852,0.231208714141104,0.551631863895339,0.410097006801515,85.548024200346,0.368884220036018,0.379807692307692,0.913461538461538,208
"UMass-AR6_fourierP_thetaP",2023-12-16,0.581655605273825,0.450858143107782,87.2453638782433,0.309304862628319,0.666194397638849,0.507098594566878,123.351657866659,0.463151730786556,0.298076923076923,0.759615384615385,208
"UMass-AR6_fourierP_thetaP",2023-12-23,0.570963954804971,0.474669387589187,72.3059809428593,0.244708135033837,0.666423657434524,0.536607414260609,106.361856518528,0.365156868473334,0.375,0.769230769230769,208
"UMass-AR6_fourierP_thetaP",2023-12-30,0.843056529110643,0.762490191528802,58.1329902215861,0.207612687523501,0.946912489168519,0.849544007094225,88.1584632343671,0.316889005799599,0.456730769230769,0.850961538461538,208
"UMass-AR6_fourierP_thetaP",2024-01-06,1.18156793325726,1.18556431393397,104.438104893691,0.314131380745298,1.34461836461778,1.36317252949269,159.485959968679,0.484920722799885,0.216346153846154,0.769230769230769,208
"UMass-AR6_fourierP_thetaP",2024-01-13,0.567654570155532,0.658420717835261,50.1016442147484,0.215150673495085,0.673581484954285,0.802219253698506,80.4638420993227,0.349120062926962,0.355769230769231,0.932692307692308,208
"UMass-AR6_fourierP_thetaP",2024-01-20,0.627669565492369,0.72961303895399,34.1995446642458,0.180773865899045,0.657672300454798,0.77266803759736,52.8034971999765,0.272195465536905,0.572115384615385,0.975961538461538,208
"UMass-AR6_fourierP_thetaP",2024-01-27,1.27459962609208,1.48842777633467,62.0408229881934,0.334008817309333,1.26332817995875,1.56578206815416,90.2975964011862,0.513006214959616,0.336538461538462,0.802884615384615,208
"UMass-AR6_fourierP_thetaP",2024-02-03,1.24639409703036,1.3813754446355,54.7847429001636,0.313597725340407,1.25312756876711,1.46698419271479,81.2785770684478,0.478780967802251,0.360576923076923,0.788461538461538,208
"UMass-AR6_fourierP_thetaP",2024-02-10,1.57147795471065,1.66408752720015,54.4535919375758,0.341958928818931,1.59944608378986,1.83674682512928,82.7559555468582,0.546288987048323,0.288461538461538,0.865384615384615,208
"UMass-AR6_fourierP_thetaP",2024-02-17,1.40954740888108,1.57180309211777,45.651494475488,0.314113496898767,1.53129163818655,1.8249426747384,72.4197877155819,0.498747677890729,0.307692307692308,0.894230769230769,208
"UMass-AR6_fourierP_thetaP",2024-02-24,1.0889249247287,1.25333922307565,32.814582834193,0.251724365073816,1.17470754429467,1.36874361435084,53.2232879684279,0.393462049215934,0.427884615384615,0.923076923076923,208
"UMass-AR6_fourierP_thetaP",2024-03-02,0.846359816935889,1.14887655106254,27.0162302709892,0.238616605405736,0.849173246521302,1.22382461336375,40.029536933372,0.346462488479103,0.533653846153846,0.947115384615385,208
"UMass-AR6_fourierP_thetaP",2024-03-09,0.393511679812968,0.610107553506797,17.4648933097926,0.169296033393497,0.38385101594062,0.590629461898343,25.3655394908838,0.236825012953318,0.692307692307692,0.990384615384615,208
"UMass-AR6_fourierP_thetaP",2024-03-16,0.369751560427732,0.575943749690339,15.3621976546053,0.171320722721969,0.347177215617539,0.514432486966574,21.5850757325289,0.223436382555278,0.764423076923077,0.995192307692308,208
"UMass-AR6_fourierP_thetaP",2024-03-23,0.550726270848858,0.681195753951907,14.7341651206932,0.193886901337454,0.513478091709113,0.643863474069792,21.203189085046,0.27191476249171,0.730769230769231,1,208
"UMass-AR6_fourierP_thetaP",2024-03-30,0.65669638823401,0.761059931402286,13.5066544354256,0.21660888635117,0.620912033834183,0.729872750127594,19.8423186966145,0.310795080132349,0.682692307692308,0.995192307692308,208
"UMass-AR6_fourierP_thetaP",2024-04-06,0.518123889105402,0.649420762643319,12.0014249313635,0.230028063672916,0.480485595201985,0.630558803995434,17.4799735523722,0.346501897135695,0.663461538461538,0.990384615384615,208
"UMass-AR6_fourierP_thetaP",2024-04-13,0.5685894985338,0.698150881264659,16.0164479173574,0.321958572007136,0.583412099053951,0.728799092954776,25.700985882843,0.516529061229807,0.480769230769231,0.990384615384615,208
"UMass-AR6_fourierP_thetaP",2024-04-20,0.648112408671032,0.784790916780274,16.5589279547037,0.443727826242643,0.640651977557373,0.788967997327938,26.4977353986831,0.724390789762572,0.451923076923077,0.966346153846154,208
"UMass-AR6_fourierP_thetaP",2024-04-27,0.696770179644848,0.845655681609314,13.3096268621719,0.561537066989003,0.659601862416024,0.819151410467159,20.7006118471825,0.903137296643873,0.393203883495146,0.956310679611651,208
"UMass-AR6_fourierP_thetaP",2024-05-04,0.81043668515187,0.908042533673039,13.9883300594518,0.646801217971731,0.770232464209757,0.849956389533097,21.8685609446221,1.05530523547796,0.411764705882353,0.92156862745098,208
"UMass-AR6_pooled",2023-10-21,0.748568857140949,0.66709013211406,9.14219375899839,0.322222114336964,0.746413155057487,0.734498968206269,13.6507456135643,0.438083608721441,0.745192307692308,1,208
"UMass-AR6_pooled",2023-10-28,0.610787788095094,0.634487478788943,9.93593295640976,0.320786543555813,0.562159573330804,0.600001731883941,14.4296616302519,0.431275838634421,0.716346153846154,0.980769230769231,208
"UMass-AR6_pooled",2023-11-04,0.732867422929168,0.730503016584765,14.9044110474405,0.374495300921233,0.745756684870415,0.72632758462038,24.3589947933154,0.570741414480188,0.557692307692308,0.956730769230769,208
"UMass-AR6_pooled",2023-11-11,0.717220883172802,0.668303172442267,19.5201647967348,0.357094210563393,0.72883557415866,0.659676800496738,31.4135146628841,0.542104408992638,0.543269230769231,0.9375,208
"UMass-AR6_pooled",2023-11-18,0.657008317676113,0.635766044670993,22.6019469519575,0.330771497154265,0.712600209566978,0.655740612740446,37.8431822830617,0.511471405074096,0.447115384615385,0.956730769230769,208
"UMass-AR6_pooled",2023-11-25,0.703979630078878,0.646762271253665,33.2707306917914,0.360816285776414,0.749061952488448,0.67307687361801,52.4559442305131,0.57514584355057,0.379807692307692,0.903846153846154,208
"UMass-AR6_pooled",2023-12-02,0.790584641890213,0.68971077613625,64.5560633263479,0.433829189057654,0.845892962202101,0.730618244556443,92.8204854293306,0.66563530933441,0.25,0.778846153846154,208
"UMass-AR6_pooled",2023-12-09,0.788562408824858,0.685915739568254,97.1942747634651,0.447112287079829,0.867424233595686,0.75379046219829,134.521651457193,0.678038127825659,0.235576923076923,0.701923076923077,208
"UMass-AR6_pooled",2023-12-16,0.83377021376398,0.74963648019544,125.061264829442,0.514277521815985,0.914536168903437,0.824193819816104,169.334285927779,0.75276642104964,0.149038461538462,0.591346153846154,208
"UMass-AR6_pooled",2023-12-23,0.768654714488112,0.726317888315372,97.3412291085883,0.374441454491257,0.883109582810969,0.842363737078395,140.94513856046,0.573221495217088,0.173076923076923,0.663461538461538,208
"UMass-AR6_pooled",2023-12-30,0.863789481994358,0.851035884018572,59.5626316579974,0.231722124458778,0.967648272074411,0.966552545108912,90.0889845611585,0.360534442612652,0.447115384615385,0.875,208
"UMass-AR6_pooled",2024-01-06,1.20245541416152,1.15409399021445,106.284337226378,0.305792890689274,1.39420742921009,1.34364308640314,165.367747529049,0.477973523194575,0.254807692307692,0.841346153846154,208
"UMass-AR6_pooled",2024-01-13,0.622259663688587,0.712526192497954,54.9211332356095,0.232830599108182,0.743997700464597,0.883740454344109,88.8755329973261,0.384597504496784,0.370192307692308,0.927884615384615,208
"UMass-AR6_pooled",2024-01-20,0.576985108343715,0.708357919486694,31.437923818923,0.175507553605946,0.605833443889417,0.718670149661815,48.6414351584291,0.253173091723787,0.625,0.985576923076923,208
"UMass-AR6_pooled",2024-01-27,1.14096585565206,1.40001420608865,55.5362321132271,0.314168478059085,1.19887424413169,1.50002878590039,85.6906893630089,0.491463087639259,0.379807692307692,0.899038461538462,208
"UMass-AR6_pooled",2024-02-03,1.08240305115943,1.25656138820011,47.5765835327748,0.285262630532801,1.1431675581478,1.34655824215353,74.1465073412115,0.439477440576422,0.418269230769231,0.894230769230769,208
"UMass-AR6_pooled",2024-02-10,1.32427327816143,1.50201895708466,45.8876540308299,0.30865491462134,1.42905074641472,1.64841639236958,73.9396352543998,0.490275365609001,0.365384615384615,0.956730769230769,208
"UMass-AR6_pooled",2024-02-17,1.1586872870028,1.41279557880858,37.5268018288338,0.282336993665507,1.33910670654406,1.64123054515496,63.330734001317,0.448540074496701,0.360576923076923,0.971153846153846,208
"UMass-AR6_pooled",2024-02-24,0.882394588778333,1.1001808686388,26.590823360136,0.220963587132344,0.9008463055319,1.15617093943807,40.8152672275607,0.332355440643256,0.620192307692308,0.971153846153846,208
"UMass-AR6_pooled",2024-03-02,0.830187798668649,1.06224719084605,26.5000113287477,0.220624068397114,0.82443635085479,1.12517253170117,38.8634539429385,0.318534266303118,0.629807692307692,0.956730769230769,208
"UMass-AR6_pooled",2024-03-09,0.544606740652067,0.701174313068609,24.1708165455292,0.194565743757183,0.572202788262158,0.736815800558792,37.8121505993431,0.295441427778926,0.625,0.990384615384615,208
"UMass-AR6_pooled",2024-03-16,0.475505889030529,0.644704498966906,19.756009804977,0.191774354291544,0.451207094003458,0.606630753966887,28.052933363715,0.263481379281455,0.677884615384615,0.985576923076923,208
"UMass-AR6_pooled",2024-03-23,0.587623466155862,0.720775825475992,15.7213149933621,0.205152469829329,0.540818524069877,0.687950265030912,22.3321649194047,0.290533382394841,0.701923076923077,1,208
"UMass-AR6_pooled",2024-03-30,0.694917828118104,0.810205276389742,14.2927768959544,0.230596376702242,0.64165861662812,0.773310801523658,20.5053116573419,0.329291910795054,0.682692307692308,1,208
"UMass-AR6_pooled",2024-04-06,0.578367058759493,0.705013760858066,13.3968515724306,0.249719380102437,0.544172015711042,0.699377170393395,19.7968732831031,0.384318662778453,0.658653846153846,0.990384615384615,208
"UMass-AR6_pooled",2024-04-13,0.620115623230032,0.734550218374037,17.4678737609731,0.338744454417702,0.630421889074342,0.765654089777351,27.7719027384048,0.542649671277785,0.504807692307692,0.990384615384615,208
"UMass-AR6_pooled",2024-04-20,0.699522912916156,0.799323274468005,17.8724390440155,0.451944551677506,0.69286293062642,0.805273891286501,28.6572105393225,0.739362042642831,0.451923076923077,0.966346153846154,208
"UMass-AR6_pooled",2024-04-27,0.741461462860223,0.853612412230329,14.1633148083057,0.566820540242849,0.69993613992563,0.835140993692946,21.9664424496077,0.920766258499366,0.427184466019417,0.966019417475728,208
"UMass-AR6_pooled",2024-05-04,0.87760378026898,0.917873785315583,15.1476501060964,0.653804045813796,0.832071267754316,0.865919380118387,23.6242979550637,1.07512487298642,0.441176470588235,0.931372549019608,208
"UMass-chronos_small",2023-10-21,0.901463693956599,0.709884850697489,11.0094825322153,0.342893091226861,0.899172480843163,0.886442554644728,16.4444781225248,0.528708643677712,0.456730769230769,0.846153846153846,208
"UMass-chronos_small",2023-10-28,0.816435192590279,0.677029011305646,13.2812827874802,0.342294850070622,0.703198523023477,0.721395996957456,18.0498869493604,0.518532942560775,0.418269230769231,0.802884615384615,208
"UMass-chronos_small",2023-11-04,1.09625898145584,0.898184711855585,22.2947479487644,0.460457994440298,0.890282922227803,0.855646006821187,29.079721988537,0.672358619675294,0.293269230769231,0.653846153846154,208
"UMass-chronos_small",2023-11-11,1.20777946938866,1.0512757816233,32.8713996395157,0.561727836711139,0.941291973848837,0.971354443131899,40.5705899532816,0.798232598023574,0.245192307692308,0.552884615384615,208
"UMass-chronos_small",2023-11-18,1.3006355268816,1.26216562251481,44.7435662403609,0.656669880556324,1.03735142491476,1.14953735675537,55.0893453827329,0.896628141709377,0.158653846153846,0.447115384615385,208
"UMass-chronos_small",2023-11-25,1.37409968450391,1.371884851541,64.9412264125918,0.765348287379938,1.08492391816917,1.18351448733525,75.9759701540966,1.01131603959857,0.110576923076923,0.341346153846154,208
"UMass-chronos_small",2023-12-02,1.32564645578864,1.49803669281486,108.247127522778,0.942267492561403,1.10633808826454,1.30590479310535,121.399329454566,1.18975449545158,0.0480769230769231,0.211538461538462,208
"UMass-chronos_small",2023-12-09,1.26739249266934,1.5752532186379,156.212485894716,1.02682447520213,1.10914727265043,1.39268905923394,172.008478720601,1.25273047315084,0.0576923076923077,0.182692307692308,208
"UMass-chronos_small",2023-12-16,1.29207437354011,1.60419480268727,193.804543195611,1.10053519196532,1.15039706071476,1.46404165671284,213.005971150517,1.33716289990771,0.0432692307692308,0.139423076923077,208
"UMass-chronos_small",2023-12-23,1.13294409795834,1.62463166586085,143.474266049391,0.837552611279415,1.06431620463652,1.59079971052827,169.865889640955,1.08252593092699,0.0480769230769231,0.1875,208
"UMass-chronos_small",2023-12-30,1.39702387442307,2.05694466846202,96.3318264278581,0.560069907063725,1.37128798912392,2.11642489912887,127.66823033358,0.789449135693893,0.110576923076923,0.418269230769231,208
"UMass-chronos_small",2024-01-06,1.51831855304289,1.6775998638864,134.203297027194,0.444502888107432,1.47925104773729,1.76689580240155,175.454820186186,0.628537012795809,0.158653846153846,0.524038461538462,208
"UMass-chronos_small",2024-01-13,0.904268318558462,1.33697113325904,79.8114415932062,0.436879083498311,0.846572430046405,1.40352343957735,101.128774852707,0.610803329994451,0.1875,0.557692307692308,208
"UMass-chronos_small",2024-01-20,1.75995923733379,2.20961510596618,95.8940943667291,0.547469197407838,1.45079746375541,2.14649643600076,116.482296368824,0.756167679055719,0.163461538461538,0.509615384615385,208
"UMass-chronos_small",2024-01-27,2.40023136720229,3.12688237726331,116.83067085142,0.701684220961674,1.9057219148027,2.82898659012878,136.213306285441,0.926877202319951,0.149038461538462,0.389423076923077,208
"UMass-chronos_small",2024-02-03,1.80148912687692,2.15553523565767,79.1837179657219,0.489346288453616,1.5353777514546,2.07865209967011,99.5854867542019,0.678411579992892,0.211538461538462,0.509615384615385,208
"UMass-chronos_small",2024-02-10,2.38690318710118,2.3878555410858,82.7090521730157,0.490688446164791,1.94691889166079,2.27775589654839,100.734332269487,0.677454804573396,0.201923076923077,0.495192307692308,208
"UMass-chronos_small",2024-02-17,1.63377141178525,2.00051171008452,52.9135140183264,0.39978781820242,1.43763082485755,2.04283059330531,67.9902616544412,0.558295352965657,0.1875,0.548076923076923,208
"UMass-chronos_small",2024-02-24,1.40006787298731,1.60344746744009,42.1908270701772,0.322041142764277,1.25468217312075,1.57451974247556,56.8467538437018,0.452614907503477,0.240384615384615,0.576923076923077,208
"UMass-chronos_small",2024-03-02,1.69743329122027,1.81773137598774,54.182922851031,0.377534810051214,1.44243613393984,1.87294705432319,67.9956071792314,0.530227853031053,0.274038461538462,0.629807692307692,208
"UMass-chronos_small",2024-03-09,1.14584461629873,1.13532585096355,50.8550444621343,0.315036524416811,1.00251466008523,1.08244257082138,66.2479038599592,0.434027579714808,0.331730769230769,0.605769230769231,208
"UMass-chronos_small",2024-03-16,0.792833163882341,0.974461525669197,32.940117295508,0.28986416283215,0.73466901880759,0.954669277121055,45.6766334193257,0.414646926896844,0.365384615384615,0.677884615384615,208
"UMass-chronos_small",2024-03-23,0.932461038869126,1.03360466943032,24.9471209973955,0.294192095886019,0.850506211717854,1.04357937433243,35.120181982907,0.440721751024647,0.389423076923077,0.798076923076923,208
"UMass-chronos_small",2024-03-30,0.922477810518555,1.0542611160751,18.973134669628,0.300058269860039,0.917281608447394,1.11304586443626,29.3133214007203,0.473958205136408,0.3125,0.802884615384615,208
"UMass-chronos_small",2024-04-06,0.60028834316555,0.703438526508453,13.9046194146982,0.249161424262223,0.582731706739748,0.69849658248843,21.1996674274023,0.383834765990823,0.485576923076923,0.894230769230769,208
"UMass-chronos_small",2024-04-13,0.594321146921897,0.73547498744497,16.7412759475944,0.339170920010605,0.59048040972765,0.720740651856461,26.0123653573772,0.510817721773259,0.379807692307692,0.817307692307692,208
"UMass-chronos_small",2024-04-20,0.428375247984921,0.660494431560355,10.9447601589759,0.373449478192296,0.408362936879346,0.5995431594893,16.8901266633318,0.550470417393472,0.471153846153846,0.855769230769231,208
"UMass-chronos_small",2024-04-27,0.474195644851819,0.716328840379197,9.05803273019186,0.475660726669134,0.436043270355219,0.631509842253028,13.6845618584781,0.696257229675202,0.402912621359223,0.800970873786408,208
"UMass-chronos_small",2024-05-04,0.589977705202903,0.81181620525356,10.1831555990702,0.578258937060166,0.514663243162039,0.650106532724124,14.6123995313457,0.807171798519057,0.352941176470588,0.696078431372549,208
"UMass-flusion",2023-10-21,0.802814828343111,0.688323567893495,9.80469417515161,0.332478423405433,0.81295772931742,0.889764816824322,14.8677432629631,0.530690169408524,0.596153846153846,0.966346153846154,208
"UMass-flusion",2023-10-28,0.605236953096843,0.592505636868668,9.84563526960314,0.299561207498093,0.561606691442136,0.62821110172468,14.4154701107022,0.451552479498795,0.653846153846154,0.975961538461538,208
"UMass-flusion",2023-11-04,0.599511099875296,0.571711998643849,12.1923278078472,0.29309044878881,0.537399969721992,0.550590098327875,17.5533432417847,0.432648543401638,0.663461538461538,0.985576923076923,208
"UMass-flusion",2023-11-11,0.614079473771006,0.537033581886808,16.713027754121,0.286952974155554,0.59681029395392,0.539967214371607,25.7230980275949,0.443730334918407,0.620192307692308,0.975961538461538,208
"UMass-flusion",2023-11-18,0.525563119880797,0.51286671241847,18.0800599259794,0.266830372161558,0.506822301519606,0.510063204504398,26.9151881855075,0.397844420210897,0.668269230769231,0.975961538461538,208
"UMass-flusion",2023-11-25,0.474630195600699,0.44776246763341,22.4314635556341,0.249798106139379,0.47996427811641,0.451705854948738,33.6113445915559,0.385983763763462,0.639423076923077,0.980769230769231,208
"UMass-flusion",2023-12-02,0.461503247278808,0.442256295702638,37.6845580827551,0.278179922307631,0.555682843551346,0.479882210276106,60.9755058712304,0.437200338016661,0.538461538461538,0.947115384615385,208
"UMass-flusion",2023-12-09,0.47200178515736,0.439863749161823,58.1765890461304,0.286723974310668,0.591017914826248,0.501878368125285,91.6560811468764,0.451441993743812,0.471153846153846,0.932692307692308,208
"UMass-flusion",2023-12-16,0.513996980173996,0.441023644552039,77.0969163900473,0.302558043764552,0.616164828953075,0.501750080397018,114.088250276297,0.458266736780562,0.408653846153846,0.8125,208
"UMass-flusion",2023-12-23,0.494375301233079,0.444377972606192,62.6069138143572,0.229091885362308,0.592811197005888,0.495108014403486,94.613237052906,0.336916873101242,0.427884615384615,0.846153846153846,208
"UMass-flusion",2023-12-30,0.752026077343856,0.724651117915071,51.8559824769125,0.197309772346855,0.835726731610516,0.820872797793031,77.8069622963348,0.306194337913466,0.528846153846154,0.923076923076923,208
"UMass-flusion",2024-01-06,0.686698695010263,0.793983538574882,60.6968997052396,0.210376731426698,0.800773993424606,0.936651212539074,94.9802653450888,0.333194495318116,0.447115384615385,0.927884615384615,208
"UMass-flusion",2024-01-13,0.420495990666204,0.550050623897242,37.1133108508472,0.179738818937792,0.477467197114478,0.66868565212712,57.0366704168434,0.291007197686524,0.548076923076923,0.971153846153846,208
"UMass-flusion",2024-01-20,0.605356507743079,0.683220579452656,32.9837832874868,0.169279356063195,0.650980946100196,0.7394951009639,52.2662586532369,0.260509304739768,0.600961538461538,0.985576923076923,208
"UMass-flusion",2024-01-27,1.13110303879443,1.30013349629673,55.0561619309491,0.291754869364031,1.21501049511685,1.45408922471716,86.8440434177991,0.476411644096225,0.350961538461538,0.932692307692308,208
"UMass-flusion",2024-02-03,1.11932832947353,1.23430749132263,49.199619042791,0.280210585147284,1.20395473873271,1.38769486554747,78.0891989434762,0.452903237840276,0.365384615384615,0.913461538461538,208
"UMass-flusion",2024-02-10,1.39763681916365,1.45515556068049,48.4297885309389,0.299024798072032,1.50292550441674,1.654268291672,77.7619436467932,0.492015849435346,0.293269230769231,0.942307692307692,208
"UMass-flusion",2024-02-17,1.19101060156651,1.33283463275009,38.5736680831628,0.266357376048186,1.32761494688612,1.56636799486378,62.7872511178785,0.428080515062016,0.307692307692308,0.942307692307692,208
"UMass-flusion",2024-02-24,0.868340249845241,0.970388405754051,26.1672980475763,0.194895684118143,0.894700605268324,1.05135079252363,40.5368197310033,0.302223610714223,0.504807692307692,0.951923076923077,208
"UMass-flusion",2024-03-02,0.744093028672859,0.897836520183155,23.7518230466587,0.186476695391914,0.751401519316371,0.998218506796092,35.4206341196972,0.28259381624945,0.591346153846154,0.956730769230769,208
"UMass-flusion",2024-03-09,0.494005534514399,0.622472225137376,21.9250263647619,0.17272705116936,0.539373727418314,0.684910653560569,35.6427494392535,0.274628993074622,0.581730769230769,0.990384615384615,208
"UMass-flusion",2024-03-16,0.43019535111764,0.562003044549539,17.8734770079576,0.167173908590797,0.420959575969241,0.561801801590853,26.1723520982415,0.244010565896967,0.596153846153846,0.995192307692308,208
"UMass-flusion",2024-03-23,0.511277179934427,0.618643681670801,13.6787416732181,0.17608287452657,0.483891031777506,0.609382645726815,19.9814426535433,0.257352907957341,0.725961538461538,1,208
"UMass-flusion",2024-03-30,0.6275397560771,0.705887085378435,12.9069731183055,0.200905880265919,0.606606544414226,0.709823526638804,19.3851620226989,0.302257701500662,0.610576923076923,1,208
"UMass-flusion",2024-04-06,0.47331385098257,0.605115811443968,10.9634795287084,0.214335029631276,0.445808234466501,0.60321533180847,16.2184178375385,0.331476232713874,0.596153846153846,0.990384615384615,208
"UMass-flusion",2024-04-13,0.491265759714211,0.635438133648241,13.8383358720719,0.293038023152924,0.503407657684655,0.658848946811787,22.1765594584831,0.466952595411718,0.475961538461538,0.971153846153846,208
"UMass-flusion",2024-04-20,0.594559132007449,0.759142109945945,15.1906701677112,0.429225760712875,0.57543466458232,0.734967199099661,23.800309708662,0.674809968982928,0.399038461538462,0.927884615384615,208
"UMass-flusion",2024-04-27,0.637865498326376,0.814523688090255,12.1844361584256,0.540864624634043,0.589751283980948,0.762908152529382,18.5084565579458,0.841127534737463,0.407766990291262,0.907766990291262,208
"UMass-flusion",2024-05-04,0.73660922316882,0.860806837452981,12.7140504956177,0.613155100401343,0.685182998129171,0.786075775061233,19.4538231625694,0.975991110979483,0.387254901960784,0.92156862745098,208
"UMass-flusion_spatial2_prod",2023-10-21,0.681673781478341,0.523691558465079,8.32521114290852,0.252956824131504,0.705351004101515,0.639898564215839,12.899782191701,0.381660266878168,0.509615384615385,0.947115384615385,208
"UMass-flusion_spatial2_prod",2023-10-28,0.569084677417116,0.499419365846714,9.25753152166199,0.252498303765732,0.550142790483537,0.532541256052347,14.1212116480824,0.382785856451211,0.4375,0.932692307692308,208
"UMass-flusion_spatial2_prod",2023-11-04,0.780733556511376,0.62257720859965,15.8778702405228,0.319166702652724,0.742349206044439,0.639021244669392,24.24769473974,0.502136910105266,0.298076923076923,0.932692307692308,208
"UMass-flusion_spatial2_prod",2023-11-11,0.665521636975907,0.575818433004425,18.1130978396685,0.307676870678521,0.652940857964617,0.585593412817376,28.1423793553778,0.481224700832745,0.302884615384615,0.903846153846154,208
"UMass-flusion_spatial2_prod",2023-11-18,0.501659173879979,0.483134142338913,17.2577328641791,0.251361337912413,0.51174835202194,0.505109952406969,27.1767898867036,0.39398093095808,0.543269230769231,0.947115384615385,208
"UMass-flusion_spatial2_prod",2023-11-25,0.477142973583294,0.396313165876667,22.5502197752393,0.221095525932166,0.487151195130756,0.403818915226089,34.114636097474,0.345064256020176,0.581730769230769,0.971153846153846,208
"UMass-flusion_spatial2_prod",2023-12-02,0.386704316643398,0.329708506094574,31.5767686735179,0.207387181371461,0.435058817589733,0.349678524843048,47.7393387147503,0.318577279975823,0.625,0.985576923076923,208
"UMass-flusion_spatial2_prod",2023-12-09,0.373051395488299,0.328985983182355,45.9804568772399,0.214448607711577,0.439889800201567,0.37103339074328,68.2188715629902,0.333746310462338,0.581730769230769,0.956730769230769,208
"UMass-flusion_spatial2_prod",2023-12-16,0.370418157184636,0.299135958826243,55.5608277779219,0.205218000531539,0.427241603572728,0.328976645118232,79.1074801845983,0.300466426464862,0.600961538461538,0.918269230769231,208
"UMass-flusion_spatial2_prod",2023-12-23,0.379722818782939,0.327602793100927,48.0875030156088,0.168890327937023,0.442267570649491,0.363018930061379,70.5863295329383,0.247031353229449,0.557692307692308,0.9375,208
"UMass-flusion_spatial2_prod",2023-12-30,0.652583189540169,0.62540750178418,44.9988949333329,0.170287478691938,0.703843229911687,0.707937628660607,65.5284814771145,0.264068311283495,0.543269230769231,0.966346153846154,208
"UMass-flusion_spatial2_prod",2024-01-06,0.439223970594543,0.559223306604941,38.8227522274754,0.148173816792654,0.45337852684699,0.624969174931689,53.7754886338562,0.222319990667878,0.620192307692308,0.995192307692308,208
"UMass-flusion_spatial2_prod",2024-01-13,0.359143498688465,0.473061302956305,31.6982910723318,0.154581189775041,0.370271515777106,0.52046419033931,44.2314247717007,0.226502281071877,0.701923076923077,0.985576923076923,208
"UMass-flusion_spatial2_prod",2024-01-20,0.644890344997084,0.690406637314088,35.1378454043218,0.171059822407448,0.68818682927164,0.753754938080447,55.2534617732518,0.265532759591723,0.557692307692308,0.990384615384615,208
"UMass-flusion_spatial2_prod",2024-01-27,1.23612491381454,1.39946177559103,60.1680758407215,0.314044510567959,1.30286210323952,1.53676215175973,93.1233215810672,0.503498252280299,0.259615384615385,0.9375,208
"UMass-flusion_spatial2_prod",2024-02-03,1.18921709183887,1.26526968613552,52.2715510159269,0.287239574914385,1.26472188066894,1.43573100743825,82.0305908274266,0.468580837243304,0.3125,0.927884615384615,208
"UMass-flusion_spatial2_prod",2024-02-10,1.53942225484771,1.52136713680357,53.342823571798,0.312630836983073,1.59719206160121,1.68533649130993,82.6393315718858,0.501256216739874,0.235576923076923,0.879807692307692,208
"UMass-flusion_spatial2_prod",2024-02-17,1.24050378890054,1.32009351267039,40.1766208848338,0.263811155212566,1.35732251810157,1.53505813759499,64.1922192815634,0.419523688141336,0.278846153846154,0.908653846153846,208
"UMass-flusion_spatial2_prod",2024-02-24,0.826671828271835,0.870639136117091,24.9116266599172,0.174861745098567,0.843183450648099,0.940003896818936,38.2026963409023,0.270215587225776,0.514423076923077,0.942307692307692,208
"UMass-flusion_spatial2_prod",2024-03-02,0.683539111516247,0.790075988688126,21.818911609965,0.164095307071054,0.69793742925261,0.897410150294307,32.9003677587588,0.254055156647646,0.447115384615385,0.942307692307692,208
"UMass-flusion_spatial2_prod",2024-03-09,0.497383094747334,0.588352182333839,22.0749297402949,0.163259232138677,0.530788024573835,0.64703898071164,35.07539133542,0.259443568046577,0.490384615384615,0.966346153846154,208
"UMass-flusion_spatial2_prod",2024-03-16,0.375494139313559,0.484823408732731,15.6007865919696,0.144215987796166,0.382317454946058,0.506446940618067,23.7698525353962,0.219967974874886,0.600961538461538,0.990384615384615,208
"UMass-flusion_spatial2_prod",2024-03-23,0.453494431072675,0.546140624953391,12.1328183935017,0.155446525983762,0.465140371892687,0.569457090769684,19.2071666066648,0.240491650515766,0.576923076923077,0.985576923076923,208
"UMass-flusion_spatial2_prod",2024-03-30,0.609575589955751,0.646340245715443,12.5374937236127,0.183957971050193,0.633041917489122,0.685248207505053,20.2299501228375,0.291793016693459,0.456730769230769,0.980769230769231,208
"UMass-flusion_spatial2_prod",2024-04-06,0.393883762611456,0.515429090563883,9.12362179791854,0.182567547086912,0.37614757828075,0.50062146775606,13.6841765617809,0.275099304339564,0.5,0.971153846153846,208
"UMass-flusion_spatial2_prod",2024-04-13,0.389101189612791,0.549977853059525,10.9604889891307,0.253627244422929,0.389934372395734,0.54843734788891,17.1777339147217,0.388699479989613,0.4375,0.927884615384615,208
"UMass-flusion_spatial2_prod",2024-04-20,0.455811282802119,0.682938529297107,11.6457362825967,0.386139572442577,0.422172424529872,0.631792873576343,17.4612950395697,0.580080485148121,0.355769230769231,0.923076923076923,208
"UMass-flusion_spatial2_prod",2024-04-27,0.513802480807604,0.733899568635753,9.81459812745304,0.487328140989901,0.453570118263364,0.66026131788671,14.2346156047216,0.727956534158505,0.402912621359223,0.902912621359223,208
"UMass-flusion_spatial2_prod",2024-05-04,0.598388994915354,0.771111750624573,10.3283364612882,0.549265041009495,0.525171668417832,0.673800913113004,14.9107563895886,0.836590723988312,0.377450980392157,0.92156862745098,208
"UMass-gbqr",2023-10-21,0.968487498699818,0.634042467039977,11.828037303206,0.306259221166405,0.804959877317136,0.727123258360234,14.7214748828159,0.433684449939606,0.326923076923077,0.649038461538462,208
"UMass-gbqr",2023-10-28,1.87685848163708,1.16440371048624,30.5316190102211,0.588703566386208,2.02973989552728,1.33828557252365,52.0999041541655,0.961947611068105,0.211538461538462,0.884615384615385,208
"UMass-gbqr",2023-11-04,1.21084756620627,0.968001642661404,24.6251494852917,0.496249923998316,0.932793785252555,0.826511259849387,30.4682739279128,0.649464808329965,0.139423076923077,0.384615384615385,208
"UMass-gbqr",2023-11-11,1.16744471084895,1.02216827608708,31.773633034828,0.546174833015316,0.896606397356116,0.858728869553586,38.6445986019484,0.70567997231936,0.144230769230769,0.379807692307692,208
"UMass-gbqr",2023-11-18,1.43648113696817,0.815251480567243,49.4168332146559,0.424152807537885,1.83559404691913,0.983015017627234,97.4806338570611,0.766742310154503,0.283653846153846,0.951923076923077,208
"UMass-gbqr",2023-11-25,1.18661166316576,0.6534475342332,56.0803685136504,0.364545865971373,1.54034435368209,0.786123609806101,107.868537767948,0.671744557596475,0.326923076923077,0.985576923076923,208
"UMass-gbqr",2023-12-02,0.593718905679819,0.464493717928093,48.4807739010428,0.292167296703672,0.720728635965306,0.534416039025419,79.0861076311161,0.486883797523994,0.379807692307692,0.951923076923077,208
"UMass-gbqr",2023-12-09,0.579580726447252,0.466747624092368,71.4362335098761,0.30424815419511,0.610792337247536,0.47338120305229,94.7227328009316,0.425808657394499,0.278846153846154,0.677884615384615,208
"UMass-gbqr",2023-12-16,0.683742164915568,0.528995459862655,102.55782534559,0.362909865431238,0.66955096671187,0.492857374384504,123.973155677761,0.450144702475597,0.211538461538462,0.4375,208
"UMass-gbqr",2023-12-23,0.638480917573971,0.527655564579904,80.8562233569581,0.272024302650682,0.666820486677284,0.520122542796632,106.425190847239,0.353939050975852,0.240384615384615,0.5625,208
"UMass-gbqr",2023-12-30,0.93388288165476,0.980989315935635,64.3959242977619,0.267106161595188,1.0171528361466,1.0099454461453,94.6979070768215,0.376720459056008,0.331730769230769,0.625,208
"UMass-gbqr",2024-01-06,0.467612034088104,0.668560239867841,41.331956708589,0.177144123513816,0.597563438952975,0.795281783150306,70.8773442423502,0.282905214689404,0.524038461538462,0.956730769230769,208
"UMass-gbqr",2024-01-13,0.395182044421957,0.519163406148203,34.8790818054384,0.169645871493879,0.423838360924311,0.600100097993417,50.6303449706075,0.261159256659621,0.447115384615385,0.918269230769231,208
"UMass-gbqr",2024-01-20,1.20278093967746,1.29962299794757,65.5353751866803,0.32200339221885,1.27614723263543,1.48310706889051,102.459898004864,0.522468899209332,0.177884615384615,0.841346153846154,208
"UMass-gbqr",2024-01-27,1.85232450535142,2.33769469360943,90.1614392478239,0.524587522658017,1.7426380121133,2.39187770762815,124.556727529271,0.783664696635029,0.0769230769230769,0.581730769230769,208
"UMass-gbqr",2024-02-03,1.05598597254374,1.05499928442512,46.415431643832,0.239504312253628,1.0522579193923,1.09934308399529,68.2500557236614,0.35879360412734,0.293269230769231,0.774038461538462,208
"UMass-gbqr",2024-02-10,2.74514634862763,3.16096168406356,95.1226064794647,0.649556621182495,2.52811826500908,3.1909727883909,130.805811384749,0.949065635186891,0.0480769230769231,0.495192307692308,208
"UMass-gbqr",2024-02-17,1.58175762099414,1.58713024089811,51.2289255695883,0.317176516894734,1.64570987140663,1.81290294340235,77.8310000241683,0.495457279715814,0.206730769230769,0.788461538461538,208
"UMass-gbqr",2024-02-24,2.11366322027891,2.33329068761438,63.6949116053247,0.468625018716841,2.12429135528647,2.57647869205509,96.24673909721,0.740640230433501,0.0913461538461538,0.649038461538462,208
"UMass-gbqr",2024-03-02,1.52656196416503,1.86492996958507,48.728624305589,0.387337750300716,1.5825901682821,2.19085561097851,74.6023875000287,0.620227178461243,0.115384615384615,0.730769230769231,208
"UMass-gbqr",2024-03-09,0.631897321273168,0.976507145989735,28.0449599463603,0.270966627844945,0.703872697333077,1.12514414685052,46.5131260809766,0.45114965361834,0.278846153846154,0.903846153846154,208
"UMass-gbqr",2024-03-16,0.498994233442812,0.798728913974044,20.7318882813883,0.237590589140934,0.577656375307641,0.912378877368572,35.9146742571077,0.396278697484992,0.350961538461538,0.932692307692308,208
"UMass-gbqr",2024-03-23,0.62983763262263,0.801322584883548,16.8507154452329,0.22807827566958,0.607484032856863,0.769806793393046,25.0850017221519,0.325102820426937,0.360576923076923,0.783653846153846,208
"UMass-gbqr",2024-03-30,0.64552201621989,0.771553253686578,13.2768246632024,0.219595440708245,0.618914426876582,0.739642476130922,19.7784817088877,0.314955233769466,0.336538461538462,0.793269230769231,208
"UMass-gbqr",2024-04-06,0.636548447370711,0.843164663162248,14.7445206965577,0.298653116717739,0.573736698427836,0.732582956404406,20.8724307548242,0.402565760076583,0.206730769230769,0.663461538461538,208
"UMass-gbqr",2024-04-13,0.364069535592259,0.537530269016045,10.2553789159778,0.247886928839114,0.351591995736184,0.525543392257463,15.4886416198589,0.372473618123891,0.389423076923077,0.850961538461538,208
"UMass-gbqr",2024-04-20,0.718214136931042,0.992020998349466,18.3499898943107,0.560897573828456,0.573510999433749,0.763439458276537,23.7207458083103,0.700951767359179,0.192307692307692,0.548076923076923,208
"UMass-gbqr",2024-04-27,0.662060350110186,0.977700428836594,12.6466035396304,0.649218166615986,0.547313919665397,0.744667163034946,17.1766237409553,0.8210163346228,0.20873786407767,0.601941747572815,208
"UMass-gbqr",2024-05-04,0.817569279439095,1.09345416070651,14.111440334317,0.778870434714554,0.71016964503692,0.840295021154932,20.1632479610482,1.04330968752172,0.21078431372549,0.563725490196078,208
"UMass-gbqr_3src_spatial",2023-10-21,0.671147624394124,0.523513122286383,8.19665627893902,0.252870634754677,0.697341089950147,0.636698385605544,12.7532932134107,0.37975155651255,0.514423076923077,0.951923076923077,208
"UMass-gbqr_3src_spatial",2023-10-28,0.565515006001939,0.50054550011604,9.19946222730326,0.253067658925469,0.544764459570919,0.532850645485574,13.9831592179783,0.383008242788098,0.451923076923077,0.932692307692308,208
"UMass-gbqr_3src_spatial",2023-11-04,0.777380260130626,0.627575483945644,15.8096738573041,0.321729088552971,0.734685465760615,0.639678701318193,23.9973704537386,0.502653533383305,0.302884615384615,0.9375,208
"UMass-gbqr_3src_spatial",2023-11-11,0.666861105224388,0.579046589418588,18.1495533327583,0.309401770415385,0.65306012773768,0.590912342925274,28.1475199973796,0.485595652578272,0.293269230769231,0.908653846153846,208
"UMass-gbqr_3src_spatial",2023-11-18,0.511025016877718,0.491618269559344,17.5799301345942,0.255775394759695,0.519418958656099,0.510790159356139,27.5841433524772,0.39841143804115,0.548076923076923,0.9375,208
"UMass-gbqr_3src_spatial",2023-11-25,0.482018590529961,0.405833685352166,22.7806459572734,0.226406841431681,0.485347773376334,0.414073889755958,33.9883445528831,0.353827156972139,0.610576923076923,0.971153846153846,208
"UMass-gbqr_3src_spatial",2023-12-02,0.393984507257697,0.334884534102302,32.1712406900763,0.210642911324981,0.450549524560513,0.357686756414022,49.4391459065824,0.325873240265185,0.620192307692308,0.980769230769231,208
"UMass-gbqr_3src_spatial",2023-12-09,0.37810408074094,0.330958022179096,46.6032256945747,0.215734075904213,0.444275102910523,0.371073145391629,68.898951897042,0.333782069958764,0.557692307692308,0.956730769230769,208
"UMass-gbqr_3src_spatial",2023-12-16,0.370375498623297,0.297874235672503,55.5544292120476,0.204352413178381,0.423410205895864,0.323305909970245,78.398063748401,0.295287136230651,0.605769230769231,0.923076923076923,208
"UMass-gbqr_3src_spatial",2023-12-23,0.386880971438482,0.32527421806403,48.9940002561826,0.167689868692201,0.45290700276434,0.359247700930625,72.2843931286913,0.244465063269443,0.600961538461538,0.942307692307692,208
"UMass-gbqr_3src_spatial",2023-12-30,0.66883409360441,0.625921917235395,46.1194765484887,0.170427544984615,0.734001397400475,0.710457291409339,68.3362358685586,0.265008172452226,0.552884615384615,0.966346153846154,208
"UMass-gbqr_3src_spatial",2024-01-06,0.443241848378424,0.560941705559017,39.1778901164042,0.148629129954303,0.464914900575884,0.634735693053538,55.1438245774406,0.225794229566052,0.600961538461538,0.995192307692308,208
"UMass-gbqr_3src_spatial",2024-01-13,0.364679447269573,0.472546456118596,32.1868983007133,0.154412954419015,0.386283450668417,0.530700778423292,46.1441581671065,0.23095717075392,0.6875,0.985576923076923,208
"UMass-gbqr_3src_spatial",2024-01-20,0.648378247513148,0.688547655463635,35.3278891541555,0.170599228479159,0.699830461711264,0.75132793511752,56.1883111085486,0.264677775084524,0.557692307692308,0.995192307692308,208
"UMass-gbqr_3src_spatial",2024-01-27,1.2180036178415,1.38928143709736,59.2860262207739,0.311760004141688,1.29592758691002,1.53503189841289,92.627670358612,0.502931359391159,0.264423076923077,0.932692307692308,208
"UMass-gbqr_3src_spatial",2024-02-03,1.17413774522731,1.25844751651512,51.6087445013703,0.285690816477167,1.25250077069948,1.42526999008125,81.2379225841669,0.465166665475637,0.322115384615385,0.927884615384615,208
"UMass-gbqr_3src_spatial",2024-02-10,1.51401421718021,1.50341754457666,52.4624046572765,0.308942315057199,1.56856460325557,1.65489490189973,81.1581358665214,0.492202217127341,0.235576923076923,0.875,208
"UMass-gbqr_3src_spatial",2024-02-17,1.2336799445078,1.32468271167947,39.9556147004131,0.264728273492798,1.3547184889478,1.54346064140935,64.0690662297092,0.421820050281303,0.288461538461538,0.899038461538462,208
"UMass-gbqr_3src_spatial",2024-02-24,0.839646299910928,0.889870115592199,25.3026103399326,0.17872415202639,0.86684272606874,0.967916181264711,39.2746435118837,0.278239313891008,0.5,0.9375,208
"UMass-gbqr_3src_spatial",2024-03-02,0.695839756787522,0.802506780023051,22.211554382555,0.166677127744566,0.717483673910942,0.920860861586353,33.821766455273,0.260694009717054,0.461538461538462,0.942307692307692,208
"UMass-gbqr_3src_spatial",2024-03-09,0.489092874653757,0.577726011007244,21.7069919715408,0.160310623085384,0.535727559795887,0.642931128357589,35.4018043720888,0.257796440279141,0.504807692307692,0.966346153846154,208
"UMass-gbqr_3src_spatial",2024-03-16,0.368517867779897,0.477513610730556,15.3109409938379,0.142041609000741,0.369407189415908,0.494646180295225,22.9671816034929,0.214842483649622,0.605769230769231,0.990384615384615,208
"UMass-gbqr_3src_spatial",2024-03-23,0.456602207389514,0.549890592930453,12.2159640356007,0.156513869206278,0.471386433540549,0.571310686547787,19.465086911922,0.241274456306212,0.576923076923077,0.980769230769231,208
"UMass-gbqr_3src_spatial",2024-03-30,0.612527574498002,0.648793772322498,12.5982088970555,0.184656280925748,0.636152826264154,0.690208455001519,20.3293645970088,0.293905193806347,0.447115384615385,0.975961538461538,208
"UMass-gbqr_3src_spatial",2024-04-06,0.39229970196163,0.511938160575237,9.08692983027267,0.181331042324672,0.37679260383871,0.499128064870984,13.7076424675362,0.274278656162759,0.480769230769231,0.971153846153846,208
"UMass-gbqr_3src_spatial",2024-04-13,0.38858068494884,0.54772137208089,10.9458270302616,0.252586647879777,0.389722523440713,0.546065129666333,17.1684013571502,0.387018194072294,0.461538461538462,0.918269230769231,208
"UMass-gbqr_3src_spatial",2024-04-20,0.454037257530942,0.68334023730271,11.600410878759,0.386366701753454,0.417726669962574,0.631636713898473,17.2774160658078,0.579937107174915,0.346153846153846,0.923076923076923,208
"UMass-gbqr_3src_spatial",2024-04-27,0.502776921382855,0.720066038305516,9.6039891114861,0.478142321966062,0.429622572703412,0.641762816103968,13.4830579248911,0.707561419557531,0.402912621359223,0.898058252427185,208
"UMass-gbqr_3src_spatial",2024-05-04,0.594080190998595,0.760493344466022,10.2539654802438,0.541701520820096,0.519638749920944,0.66965359871926,14.7536648997162,0.831441421451396,0.387254901960784,0.936274509803922,208
"UMass-trends_ensemble",2023-10-21,0.996933660462637,0.784616334256778,12.1754473244147,0.378990367263159,0.889458638388445,0.965957057623164,16.2668269230769,0.576134170354153,0.408653846153846,0.711538461538462,208
"UMass-trends_ensemble",2023-10-28,0.900936115010047,0.886358908570464,14.6558936036789,0.448128639469658,0.765030992072218,0.867480187418745,19.6370192307692,0.623536942390245,0.302884615384615,0.610576923076923,208
"UMass-trends_ensemble",2023-11-04,1.23194137244115,1.14581835032397,25.0541367056856,0.587408372263516,0.955549013835737,1.01490079123181,31.2115384615385,0.797499537963236,0.192307692307692,0.427884615384615,208
"UMass-trends_ensemble",2023-11-11,1.17214570489294,1.09176326433221,31.901577132107,0.583361499802701,0.903513646612775,0.949284953015122,38.9423076923077,0.78009649275579,0.211538461538462,0.413461538461538,208
"UMass-trends_ensemble",2023-11-18,1.02874991317918,0.992209614774481,35.3903448996655,0.516219232720506,0.878779648741626,0.896771493664895,46.6682692307692,0.699473186475841,0.163461538461538,0.442307692307692,208
"UMass-trends_ensemble",2023-11-25,0.980175723804352,0.990305682381875,46.3240144230769,0.552472576063675,0.838665385143485,0.874387131364442,58.7307692307692,0.747165953801252,0.158653846153846,0.399038461538462,208
"UMass-trends_ensemble",2023-12-02,0.96232867795916,0.954503533650655,78.580012541806,0.600384260017024,0.86071678934455,0.845838004801623,94.4471153846154,0.770607148353839,0.149038461538462,0.336538461538462,208
"UMass-trends_ensemble",2023-12-09,0.901345513515807,0.876295363022054,111.095358486622,0.571210720670818,0.859084849800043,0.82210243910311,133.228365384615,0.739485077941657,0.173076923076923,0.346153846153846,208
"UMass-trends_ensemble",2023-12-16,0.881381215419322,0.85486404356373,132.202671404682,0.5864674057737,0.860177083062862,0.826413116979897,159.269230769231,0.754793386483095,0.0817307692307692,0.240384615384615,208
"UMass-trends_ensemble",2023-12-23,0.776716024265811,0.783699136189182,98.3621007525084,0.404023429904567,0.796924420881405,0.795451455787017,127.189903846154,0.541298079188811,0.134615384615385,0.384615384615385,208
"UMass-trends_ensemble",2023-12-30,1.04673628122405,0.915042016119192,72.1777341137124,0.249149870088857,1.09746966176091,0.96052058571949,102.175480769231,0.3582844572111,0.322115384615385,0.639423076923077,208
"UMass-trends_ensemble",2024-01-06,1.67657845059229,1.44423593208768,148.191797658863,0.382669942184124,1.66501155202464,1.41914612951443,197.487980769231,0.504832185210558,0.173076923076923,0.480769230769231,208
"UMass-trends_ensemble",2024-01-13,1.44490239796279,1.25825383020396,127.528235785953,0.411156805463532,1.59506177808186,1.34076070874448,190.540865384615,0.583489439886706,0.100961538461538,0.533653846153846,208
"UMass-trends_ensemble",2024-01-20,0.986274893697904,0.935446597707887,53.7387092391304,0.231772581877375,1.07251497005988,1.0465739719619,86.1105769230769,0.368687037194912,0.490384615384615,0.884615384615385,208
"UMass-trends_ensemble",2024-01-27,0.854334604779231,0.995293055515133,41.5845265468227,0.223347522556616,0.849196206363086,0.917393579156708,60.6971153846154,0.300570952524858,0.538461538461538,0.894230769230769,208
"UMass-trends_ensemble",2024-02-03,0.928307173751423,1.01523839259645,40.8033622491639,0.230477855844981,0.837780742717367,0.897406232904106,54.3389423076923,0.29288729001672,0.538461538461538,0.8125,208
"UMass-trends_ensemble",2024-02-10,1.02091727447869,1.08989903461316,35.3760054347826,0.223967009129729,1.00320572384315,1.06432793264223,51.90625,0.316554584581593,0.447115384615385,0.826923076923077,208
"UMass-trends_ensemble",2024-02-17,1.00306396697209,1.17286658721774,32.4865760869565,0.234388917386785,0.989224357019417,1.15561316511204,46.7836538461538,0.31582328070782,0.403846153846154,0.764423076923077,208
"UMass-trends_ensemble",2024-02-24,0.984004663901343,1.08417057429176,29.652827132107,0.21774803215333,0.915322580645161,1.00829367537237,41.4711538461538,0.289846317136345,0.466346153846154,0.721153846153846,208
"UMass-trends_ensemble",2024-03-02,1.15925055575862,1.10489723638224,37.0038597408027,0.229482295224735,1.0230494645589,1.04172026510979,48.2259615384615,0.294909083710164,0.5,0.769230769230769,208
"UMass-trends_ensemble",2024-03-09,1.20716780867467,1.12359010583128,53.5766994147157,0.311780024659694,1.03052018915969,1.02138784856676,68.0985576923077,0.409546434899682,0.307692307692308,0.576923076923077,208
"UMass-trends_ensemble",2024-03-16,1.02503681484681,0.976530749378614,42.5875637541806,0.290479675894947,0.939877822455923,0.932118134515879,58.4350961538462,0.404852161103765,0.274038461538462,0.629807692307692,208
"UMass-trends_ensemble",2024-03-23,0.7917457496749,0.912301274042637,21.1824153428094,0.25966583920138,0.755617650483176,0.868292892832141,31.2019230769231,0.366695216045288,0.423076923076923,0.778846153846154,208
"UMass-trends_ensemble",2024-03-30,0.730993438554741,0.907456647806674,15.0347648411371,0.258275552007046,0.70129381675944,0.858522885882177,22.4110576923077,0.365576998273414,0.509615384615385,0.875,208
"UMass-trends_ensemble",2024-04-06,0.62973875345093,0.815768479182337,14.5867861622074,0.288949252111878,0.649398704902868,0.790292045528575,23.625,0.434277804594547,0.480769230769231,0.855769230769231,208
"UMass-trends_ensemble",2024-04-13,0.791510048484311,0.893629788524255,22.2958382107023,0.412105432131139,0.785659718432828,0.83388461065466,34.6105769230769,0.591007369903741,0.346153846153846,0.75,208
"UMass-trends_ensemble",2024-04-20,0.846638626956355,0.935954577583002,21.6311674331104,0.52919711644552,0.780309194467046,0.857989154990791,32.2740384615385,0.787762550187652,0.384615384615385,0.745192307692308,208
"UMass-trends_ensemble",2024-04-27,0.717710383250352,0.884024626212122,13.7096243140566,0.587015030519884,0.689868522815159,0.835257236141095,21.6504854368932,0.920894419043358,0.402912621359223,0.83495145631068,208
"UMass-trends_ensemble",2024-05-04,0.707714750527802,0.830520586977007,12.2153250213129,0.591582120095654,0.660652624309392,0.784470283241757,18.7573529411765,0.973997733503327,0.509803921568627,0.823529411764706,208
