"model_id","target_end_date","wis_scaled_relative_skill","wis_scaled_relative_skill__log","wis","wis__log","ae_median_scaled_relative_skill","ae_median_scaled_relative_skill__log","ae_median","ae_median__log","interval_coverage_50","interval_coverage_95","n"
"FluSight-baseline",2026-05-02,1,1,8.03766722408027,0.320829212175362,1,1,8.82692307692308,0.379444145729322,0.692307692307692,1,52
"FluSight-baseline",2026-05-09,1,1,9.31213210702341,0.394010546061866,1,1,8.45192307692308,0.422714247627124,0.826923076923077,1,104
"FluSight-baseline",2026-05-16,1,1,10.7045930880713,0.445518251287642,1,1,7.50641025641026,0.418126979091476,0.92948717948718,1,156
"FluSight-baseline",2026-05-23,1,1,12.3520882107023,0.504866495007189,1,1,7.94711538461539,0.478675291639278,0.961538461538462,1,208
"FluSight-baseline",2026-05-30,1,1,12.2656709866221,0.530886145385911,1,1,8.42307692307692,0.563318098209408,0.947115384615385,1,208
"FluSight-baseline",2026-06-06,1,1,13.572502787068,0.59687272724463,1,1,7.11538461538461,0.631457554915708,0.987179487179487,1,156
"FluSight-baseline",2026-06-13,1,1,15.0478511705686,0.643895781200096,1,1,6.77884615384615,0.589018663339321,0.990384615384615,1,104
"FluSight-baseline",2026-06-20,1,1,16.5464130434783,0.688617081678543,1,1,7.32692307692308,0.701852192270159,0.980769230769231,1,52
"UMass-AR2",2026-05-02,1.07527068002752,0.897437115197928,8.64266790187169,0.287924042645881,1.36803263896253,1.13522304138992,12.0755188708423,0.430753737152442,0.596153846153846,0.961538461538462,52
"UMass-AR2",2026-05-09,0.875649520543301,0.882256066191172,8.15416401475093,0.347618194406378,1.38831252703211,1.1773298423581,11.7339106852041,0.497674098521367,0.692307692307692,0.971153846153846,104
"UMass-AR2",2026-05-16,0.791867152801567,0.850544334661157,8.4766156505504,0.378933024620849,1.59334858268386,1.30286823258299,11.9603281430949,0.544764358244176,0.730769230769231,0.993589743589744,156
"UMass-AR2",2026-05-23,0.792175245517299,0.825123410702027,9.78501851096446,0.41657716430951,1.69845030375007,1.31077184159884,13.4977805389368,0.627434093549879,0.783653846153846,1,208
"UMass-AR2",2026-05-30,0.748868967353542,0.840948326330177,9.18538036564997,0.446447815434161,1.4855146273284,1.22591277461595,12.5126039763431,0.690578852767275,0.716346153846154,1,208
"UMass-AR2",2026-06-06,0.711497026097671,0.852980881284141,9.65679536970123,0.509121024899593,1.72701328905173,1.30693182423347,12.2883637874834,0.825271974171995,0.775641025641026,1,156
"UMass-AR2",2026-06-13,0.705262493146437,0.844132044507886,10.6126850330517,0.543533062234439,1.99335256387306,1.48982878596172,13.5126303608703,0.877536960111616,0.807692307692308,1,104
"UMass-AR2",2026-06-20,0.765442223316218,0.878945040980589,12.6653231879085,0.60525656907588,2.32766334626218,1.48870601675945,17.0546102870363,1.0448515815084,0.826923076923077,1,52
"UMass-AR6_fourierP_thetaP",2026-05-02,0.9004102768341,0.854677135745149,7.23719817033449,0.274205392125411,1.10872295953734,1.03034769128724,9.78661227745459,0.390959399524666,0.634615384615385,0.942307692307692,52
"UMass-AR6_fourierP_thetaP",2026-05-09,0.695000852409398,0.826856700850814,6.4719397521302,0.325790260217142,1.04516871082133,1.08405112323929,8.8336855462687,0.458243854949437,0.682692307692308,0.971153846153846,104
"UMass-AR6_fourierP_thetaP",2026-05-16,0.564393646589144,0.758352891296506,6.04160432822954,0.337860053989346,0.968666812720876,1.08146011009568,7.27121049805222,0.45218764884224,0.756410256410256,0.993589743589744,156
"UMass-AR6_fourierP_thetaP",2026-05-23,0.550494606229845,0.711718245372932,6.79975793566689,0.359322695974098,1.0939349607948,1.05082991156583,8.69362735670096,0.50300631438205,0.841346153846154,1,208
"UMass-AR6_fourierP_thetaP",2026-05-30,0.556259843734179,0.743040771530209,6.82290022631325,0.394470051062246,1.0656109037139,1.06221362590877,8.97572261205172,0.598364159639049,0.754807692307692,1,208
"UMass-AR6_fourierP_thetaP",2026-06-06,0.548065461314238,0.76065103462607,7.43862000118321,0.454011857518711,1.37143425725766,1.14320995524083,9.75828221510258,0.721888563091668,0.743589743589744,1,156
"UMass-AR6_fourierP_thetaP",2026-06-13,0.555569553158949,0.748210839992848,8.36012795083515,0.481769803319575,1.69729986182136,1.34226177091207,11.5057346402313,0.790617234154097,0.778846153846154,1,104
"UMass-AR6_fourierP_thetaP",2026-06-20,0.58709362371751,0.806118492721182,9.71429359322233,0.555106963944766,1.91438107418748,1.39133815325894,14.026522870489,0.9765137330539,0.711538461538462,1,52
"UMass-AR6_pooled",2026-05-02,0.924145620976906,0.880862293478521,7.42797496800338,0.282606355651696,1.11343191550907,1.06543032844676,9.82817786958965,0.40427130081159,0.634615384615385,0.942307692307692,52
"UMass-AR6_pooled",2026-05-09,0.776117817209411,0.872806803242595,7.22731164446868,0.343895085152127,1.16173231418384,1.17612190749804,9.81887215545767,0.497163487245814,0.701923076923077,0.971153846153846,104
"UMass-AR6_pooled",2026-05-16,0.696291544370701,0.824295631826725,7.45351765315314,0.367238748435484,1.35649465638311,1.26787725969662,10.1824054014399,0.530133688455727,0.730769230769231,0.993589743589744,156
"UMass-AR6_pooled",2026-05-23,0.723618475358814,0.796633172359619,8.938199238526,0.402193397535659,1.58198829918065,1.27193419707992,12.5722435507001,0.608843472733199,0.769230769230769,1,208
"UMass-AR6_pooled",2026-05-30,0.738610470668952,0.834218424863123,9.05955302049944,0.44287500398549,1.5617016963649,1.25389254622389,13.1543335193813,0.706340364497796,0.716346153846154,0.995192307692308,208
"UMass-AR6_pooled",2026-06-06,0.723047328011781,0.851994857572063,9.81356187462197,0.508532494237437,1.94879480500401,1.35219899550383,13.866424574067,0.853856271460326,0.698717948717949,1,156
"UMass-AR6_pooled",2026-06-13,0.74828979717713,0.843738813662945,11.2601535003764,0.543279862552344,2.45504173035097,1.58804136357063,16.6423501913215,0.935386001297922,0.759615384615385,1,104
"UMass-AR6_pooled",2026-06-20,0.813651515061771,0.921169578570666,13.4630140416639,0.634333106926385,2.81110821657926,1.60709250798182,20.5967736637826,1.12794139990799,0.653846153846154,1,52
"UMass-WISAR6_fourthroot_adaptive_t",2026-05-02,0.576122303982453,0.70690099279179,4.63067935978138,0.226794488603371,0.814527226798135,0.91432632733806,7.18976917500662,0.346935772194618,0.538461538461538,0.980769230769231,52
"UMass-WISAR6_fourthroot_adaptive_t",2026-05-09,0.48219589501871,0.648206325464001,4.49027187587862,0.255400128256827,0.802837433669025,0.926952764538504,6.78552023264493,0.391836140447777,0.557692307692308,0.980769230769231,104
"UMass-WISAR6_fourthroot_adaptive_t",2026-05-16,0.373575252415422,0.536561508486009,3.99897106488064,0.239047944968946,0.736185973980184,0.866739446029223,5.52611394571023,0.362407146227618,0.711538461538462,0.987179487179487,156
"UMass-WISAR6_fourthroot_adaptive_t",2026-05-23,0.366848698367071,0.523545146399606,4.5313474822114,0.264320403040795,0.784604092869908,0.818292475382122,6.23533925727864,0.391696389299764,0.673076923076923,1,208
"UMass-WISAR6_fourthroot_adaptive_t",2026-05-30,0.373369934317602,0.599427133056672,4.5796327706364,0.318227560108184,0.726512403566795,0.87290542680152,6.11946986081262,0.491723424942504,0.615384615384615,0.985576923076923,208
"UMass-WISAR6_fourthroot_adaptive_t",2026-06-06,0.345302259741142,0.563499574604045,4.68661588271753,0.336337527895105,0.972442979239979,0.878636119508976,6.91930581382293,0.554821415685764,0.576923076923077,0.993589743589744,156
"UMass-WISAR6_fourthroot_adaptive_t",2026-06-13,0.277697323935193,0.49707561239319,4.17874800104196,0.320064889757429,0.814084418542647,0.813020545705625,5.5185530295439,0.478884275098932,0.692307692307692,1,104
"UMass-WISAR6_fourthroot_adaptive_t",2026-06-20,0.267455652408665,0.567321288877211,4.42543169556672,0.390667130320735,0.790196758144457,0.882796195771287,5.78971086255842,0.619592445329835,0.596153846153846,1,52
"UMass-gbqr_1src",2026-05-02,0.859458021658136,0.769758131401822,6.90803757115447,0.246960894863225,1.08949900240967,1.00527636139907,9.61692388665462,0.381446230172949,0.384615384615385,0.865384615384615,52
"UMass-gbqr_1src",2026-05-09,0.558153933440211,0.64265077242901,5.19760316425,0.253211181771835,0.926592618591707,0.916504970916518,7.83148953598183,0.387419709227495,0.384615384615385,0.846153846153846,104
"UMass-gbqr_1src",2026-05-16,0.352907628297145,0.521916934777447,3.77773255859727,0.232523520099454,0.775524486886396,0.870168246231986,5.82140496246135,0.363840820098307,0.467948717948718,0.92948717948718,156
"UMass-gbqr_1src",2026-05-23,0.321316779240381,0.500348066486078,3.96893320075596,0.25260897461045,0.728410280910408,0.790363291112732,5.78876054973512,0.378327378874366,0.466346153846154,0.894230769230769,208
"UMass-gbqr_1src",2026-05-30,0.308614273426968,0.548689851684191,3.78536113963061,0.291291840372988,0.663091122343661,0.806719509054482,5.58526753051007,0.454439699628998,0.423076923076923,0.894230769230769,208
"UMass-gbqr_1src",2026-06-06,0.287453382092285,0.556616398549082,3.90146182959966,0.332229147831074,0.829565799820631,0.811455877298764,5.90267972949295,0.512399944201058,0.314102564102564,0.878205128205128,156
"UMass-gbqr_1src",2026-06-13,0.237082861751671,0.521697125989182,3.56758761873163,0.335918578488649,0.847168287295925,0.891358850648065,5.74282348599642,0.525026998764396,0.365384615384615,0.865384615384615,104
"UMass-gbqr_1src",2026-06-20,0.230061032145375,0.536397785827256,3.8066848630863,0.369372677895197,0.879081204170029,0.850086115304932,6.44096036132271,0.59663480364519,0.25,0.846153846153846,52
"UMass-gbqr_2src_all_otid10",2026-05-02,0.977999996759196,0.944578330165256,7.860838519102,0.303048321504838,1.20348210680193,1.10579694494673,10.623043981194,0.419588177125405,0.519230769230769,0.865384615384615,52
"UMass-gbqr_2src_all_otid10",2026-05-09,0.705347951309669,0.889592546278398,6.56829330401395,0.350508844931718,1.08772934959159,1.19142390755124,9.19340479125972,0.503631860685492,0.432692307692308,0.894230769230769,104
"UMass-gbqr_2src_all_otid10",2026-05-16,0.478844078011553,0.829820514426492,5.12583100774637,0.369700184469902,0.925380174134558,1.26902606992066,6.94628323020235,0.530614037004251,0.467948717948718,0.92948717948718,156
"UMass-gbqr_2src_all_otid10",2026-05-23,0.462323109673237,0.764478174446615,5.71065583253004,0.385959416442357,1.01676910407703,1.22288828182492,8.0803813896122,0.585366404944799,0.495192307692308,0.951923076923077,208
"UMass-gbqr_2src_all_otid10",2026-05-30,0.406139557509043,0.725822911147555,4.98157418705819,0.385329327531906,0.847693500751677,1.04285555291282,7.14018756402374,0.587459406773969,0.528846153846154,0.9375,208
"UMass-gbqr_2src_all_otid10",2026-06-06,0.37560551795728,0.685079108336455,5.09790693931331,0.408905035771099,1.08324091607211,1.04900439888397,7.70767574897463,0.662401752815092,0.519230769230769,0.955128205128205,156
"UMass-gbqr_2src_all_otid10",2026-06-13,0.27009239829468,0.572987949759712,4.06431021184027,0.368944523528771,0.880985000202438,0.920171058079402,5.97206178021845,0.541997926673458,0.605769230769231,0.971153846153846,104
"UMass-gbqr_2src_all_otid10",2026-06-20,0.266970448417682,0.612212061619337,4.41740330992158,0.421579683240712,0.921419943911549,0.906427831478687,6.7511730505827,0.636178360658003,0.5,0.961538461538462,52
"UMass-gbqr_2src_mobsgleam_otid10",2026-05-02,0.914581057243859,0.886454848691503,7.35109818757364,0.284400610734725,1.24099505045595,1.13747117542425,10.954167849217,0.431606778450584,0.538461538461538,0.923076923076923,52
"UMass-gbqr_2src_mobsgleam_otid10",2026-05-09,0.593546100754358,0.728788813041239,5.52717970183321,0.287150478190158,0.98759613897846,1.04845460345576,8.34708659771218,0.443196698870997,0.413461538461538,0.961538461538462,104
"UMass-gbqr_2src_mobsgleam_otid10",2026-05-16,0.391616442656721,0.59396494995412,4.19209466523822,0.264622225829711,0.839796453558867,0.969644334714079,6.30385671229124,0.405434456467161,0.423076923076923,0.961538461538462,156
"UMass-gbqr_2src_mobsgleam_otid10",2026-05-23,0.347648134495044,0.542918596969484,4.2941804235689,0.274101409126204,0.803515089426284,0.907596451027474,6.38562712895023,0.434443995886349,0.495192307692308,0.971153846153846,208
"UMass-gbqr_2src_mobsgleam_otid10",2026-05-30,0.303944463123229,0.531870887385738,3.72808278287501,0.282362885247198,0.676723846979241,0.80503565797862,5.70009701878668,0.453491155843276,0.514423076923077,0.985576923076923,208
"UMass-gbqr_2src_mobsgleam_otid10",2026-06-06,0.303609917306819,0.510471166989118,4.12074644882829,0.304686317620544,0.890960479569009,0.797243777719172,6.33952648924102,0.50342560655031,0.474358974358974,0.993589743589744,156
"UMass-gbqr_2src_mobsgleam_otid10",2026-06-13,0.247246777958341,0.48844843400483,3.72053271711972,0.314509885989503,0.885512505925218,0.863419369888244,6.00275304497384,0.508570123152852,0.490384615384615,1,104
"UMass-gbqr_2src_mobsgleam_otid10",2026-06-20,0.221656482587066,0.488346412530092,3.66761971465013,0.336283681444658,0.784389917503241,0.749333550674172,5.74716458786028,0.52592139528225,0.5,0.980769230769231,52
"UMass-gbqr_2src_mobsgleam_otid50",2026-05-02,0.985368061032914,1.00702117664251,7.92006056781978,0.323081810746124,1.4206473614801,1.32126050846123,12.5399449792185,0.501344564918959,0.557692307692308,0.942307692307692,52
"UMass-gbqr_2src_mobsgleam_otid50",2026-05-09,0.649474163309184,0.828574569554445,6.04798920883362,0.326467118603123,1.15271093117685,1.25463534931934,9.74262412023512,0.530352237733919,0.461538461538462,0.971153846153846,104
"UMass-gbqr_2src_mobsgleam_otid50",2026-05-16,0.444993500706877,0.690245820488677,4.76347435190351,0.307517110902719,0.981695480023601,1.16250972519422,7.36900901992075,0.48607667955992,0.493589743589744,0.980769230769231,156
"UMass-gbqr_2src_mobsgleam_otid50",2026-05-23,0.38967780416594,0.609343983312616,4.81333461081049,0.307637361108759,0.946220411367524,1.06976282910141,7.51972278841595,0.512069034204977,0.586538461538462,0.971153846153846,208
"UMass-gbqr_2src_mobsgleam_otid50",2026-05-30,0.320831886306307,0.549415781480767,3.9352183594505,0.291677226444513,0.719108548732048,0.836919548915068,6.05710662201225,0.471451928649112,0.610576923076923,0.995192307692308,208
"UMass-gbqr_2src_mobsgleam_otid50",2026-06-06,0.326028189950129,0.518360317492478,4.42501851676086,0.309395136397127,0.949681867714954,0.779707969118392,6.75735175104871,0.492352487727792,0.608974358974359,1,156
"UMass-gbqr_2src_mobsgleam_otid50",2026-06-13,0.249478806111573,0.491750361651485,3.75411994457808,0.316635983271012,0.838412634153661,0.854339104779845,5.68347026036856,0.503221677535936,0.548076923076923,1,104
"UMass-gbqr_2src_mobsgleam_otid50",2026-06-20,0.225803963064197,0.487212747462958,3.73624563971451,0.335503020314527,0.7632466869777,0.724523774426093,5.59224976420199,0.508508599432803,0.596153846153846,1,52
"UMass-gbqr_2src_nihflu_otid10",2026-05-02,0.864765660610245,0.829323617919169,6.95069860679708,0.266071242975428,1.09256388430364,1.01511554414907,9.64397736337256,0.385179650466198,0.442307692307692,0.884615384615385,52
"UMass-gbqr_2src_nihflu_otid10",2026-05-09,0.617289130504106,0.748900220188129,5.74827793148385,0.295074584702176,0.987556508729751,1.01732091307133,8.34675164589857,0.430036044364286,0.480769230769231,0.923076923076923,104
"UMass-gbqr_2src_nihflu_otid10",2026-05-16,0.418810966881631,0.663316934287483,4.48320098128959,0.295519800613239,0.860426946785809,1.00107726509931,6.45871765824476,0.418577412693131,0.480769230769231,0.935897435897436,156
"UMass-gbqr_2src_nihflu_otid10",2026-05-23,0.392226215948678,0.588572545899594,4.84481281794805,0.297150558305786,0.881671962436816,0.915404573526487,7.00674881686566,0.43818155120072,0.447115384615385,0.9375,208
"UMass-gbqr_2src_nihflu_otid10",2026-05-30,0.33940121321371,0.590464615642974,4.16298361373973,0.313469483785472,0.741450952920015,0.841331447290945,6.24529841113397,0.473937230851704,0.466346153846154,0.932692307692308,208
"UMass-gbqr_2src_nihflu_otid10",2026-06-06,0.32017389366081,0.585668875224664,4.34556106405776,0.34956977881764,0.934423385660232,0.876531892645319,6.64878178258242,0.553492685735451,0.294871794871795,0.955128205128205,156
"UMass-gbqr_2src_nihflu_otid10",2026-06-13,0.23912709799286,0.497092213870346,3.59834898144652,0.320075579378532,0.819035868229843,0.839516920128293,5.55211814521191,0.494491134144711,0.384615384615385,0.942307692307692,104
"UMass-gbqr_2src_nihflu_otid10",2026-06-20,0.231566016901815,0.537607728122234,3.8315869624905,0.370205864827364,0.820372155729941,0.848978742036369,6.01080367948284,0.595857591288988,0.346153846153846,0.942307692307692,52
"UMass-gbqr_2src_nihflu_otid50",2026-05-02,0.898684379226732,0.884286392174442,7.22332597970363,0.283704906538719,1.12416868488493,1.05453947677765,9.92295050696504,0.400138830903741,0.461538461538462,0.923076923076923,52
"UMass-gbqr_2src_nihflu_otid50",2026-05-09,0.698700875194602,0.890622781881986,6.50639485310501,0.35091476862446,1.12963296857128,1.14751153813405,9.54757095552076,0.48506947648578,0.480769230769231,0.913461538461538,104
"UMass-gbqr_2src_nihflu_otid50",2026-05-16,0.522242391102081,0.861389802660446,5.59039229008919,0.383764878558289,1.11160037706169,1.29813466547347,8.34412847140534,0.542785126128347,0.474358974358974,0.903846153846154,156
"UMass-gbqr_2src_nihflu_otid50",2026-05-23,0.497642883690255,0.76693802269695,6.14692879677032,0.387201311406753,1.19463226909431,1.20519634134268,9.49388048467737,0.576897710174798,0.451923076923077,0.923076923076923,208
"UMass-gbqr_2src_nihflu_otid50",2026-05-30,0.399308615734723,0.691840490841318,4.89778810272562,0.367288531404644,0.909407373002557,0.986338447828973,7.66000825721384,0.555622298621837,0.524038461538462,0.923076923076923,208
"UMass-gbqr_2src_nihflu_otid50",2026-06-06,0.371140215457919,0.650669440465097,5.03730160869562,0.388366843465139,1.04766419385965,0.918507931681755,7.45453368707829,0.579998772710445,0.493589743589744,0.948717948717949,156
"UMass-gbqr_2src_nihflu_otid50",2026-06-13,0.263490281269211,0.518376883170338,3.96496253743033,0.333780688145036,0.876469688544247,0.814431546732053,5.9414531771509,0.479715381037489,0.548076923076923,0.961538461538462,104
"UMass-gbqr_2src_nihflu_otid50",2026-06-20,0.260064439262335,0.574276808265631,4.30313362995517,0.395456819783547,0.937278556077654,0.866372427518652,6.8673678820305,0.608065387576385,0.5,0.942307692307692,52
"UMass-gbqr_2src_utseirs_otid10",2026-05-02,0.979883562425673,0.983826821399871,7.87597799312384,0.315640384026711,1.31022165595927,1.2318240659082,11.5652257708712,0.467408430377356,0.519230769230769,0.923076923076923,52
"UMass-gbqr_2src_utseirs_otid10",2026-05-09,0.704653356946481,0.919706650272167,6.56182514954315,0.362374119490466,1.17966021216582,1.3020453705734,9.97039737013226,0.550393129198315,0.509615384615385,0.923076923076923,104
"UMass-gbqr_2src_utseirs_otid10",2026-05-16,0.500917701250093,0.87446079851778,5.36212016249433,0.389588245775236,1.07567555997277,1.45033635903441,8.07446205594948,0.606424760469588,0.519230769230769,0.948717948717949,156
"UMass-gbqr_2src_utseirs_otid10",2026-05-23,0.466121923833913,0.80890070479943,5.75757912013877,0.408386863640933,1.10075831945024,1.3768633193082,8.74785337524641,0.659070450917277,0.524038461538462,0.951923076923077,208
"UMass-gbqr_2src_utseirs_otid10",2026-05-30,0.392717276389292,0.727500295903423,4.81694090295338,0.386219827859278,0.852941961640917,1.05790908910194,7.18439575382157,0.595939336151353,0.610576923076923,0.932692307692308,208
"UMass-gbqr_2src_utseirs_otid10",2026-06-06,0.343862140860182,0.663379270005119,4.66706986519199,0.395952994085507,1.04412699829772,1.05663404757998,7.4293651801953,0.667219552125544,0.58974358974359,0.967948717948718,156
"UMass-gbqr_2src_utseirs_otid10",2026-06-13,0.255804183580853,0.560012595400041,3.84930328333347,0.360589747597003,0.873322453083484,0.925005260658823,5.92011855215246,0.5448453622151,0.692307692307692,0.980769230769231,104
"UMass-gbqr_2src_utseirs_otid10",2026-06-20,0.264823009563578,0.613763817973047,4.38187089965595,0.42264824917248,1.04386687171138,1.00093917116484,7.64833227157763,0.70251135161112,0.653846153846154,0.980769230769231,52
"UMass-gbqr_2src_utseirs_otid50",2026-05-02,1.02698259550846,1.04901189205493,8.25454434761925,0.336553658890569,1.38729208750266,1.33894810212741,12.2455205416101,0.508056018787633,0.596153846153846,0.923076923076923,52
"UMass-gbqr_2src_utseirs_otid50",2026-05-09,0.744609585436642,0.983853772267694,6.93390282774195,0.387648762056221,1.26332397601829,1.4164905080644,10.6775170665392,0.598770719387407,0.509615384615385,0.913461538461538,104
"UMass-gbqr_2src_utseirs_otid50",2026-05-16,0.537668951415373,0.955682839534928,5.75552734099157,0.425774147455209,1.14647284080387,1.59715608997068,8.60589549090594,0.667814051036994,0.538461538461538,0.948717948717949,156
"UMass-gbqr_2src_utseirs_otid50",2026-05-23,0.495940026739818,0.880050061503055,6.12589495750832,0.444307789981908,1.17082352274659,1.48660866059382,9.30466963028899,0.711602834163224,0.495192307692308,0.956730769230769,208
"UMass-gbqr_2src_utseirs_otid50",2026-05-30,0.41360996903971,0.768525524068247,5.07320379702802,0.407999553103279,0.904701487745023,1.11959434431837,7.62037022369846,0.630687756807433,0.610576923076923,0.942307692307692,208
"UMass-gbqr_2src_utseirs_otid50",2026-06-06,0.360975217184039,0.696281998089721,4.89933714129285,0.415591735131152,1.1093892258718,1.11077849315226,7.89373103024164,0.701409471338881,0.596153846153846,0.974358974358974,156
"UMass-gbqr_2src_utseirs_otid50",2026-06-13,0.269981328148003,0.58860063830572,4.06263884480358,0.378997467816736,0.95879835773211,1.01957838833705,6.49954655962632,0.600550699467949,0.701923076923077,0.980769230769231,104
"UMass-gbqr_2src_utseirs_otid50",2026-06-20,0.284711828874769,0.648974281575702,4.71095951892602,0.446894775863089,1.13396898056184,1.08355604881042,8.30850349219347,0.760496188305186,0.596153846153846,1,52
"UMass-gbqr_4src",2026-05-02,0.825821182746399,0.794566989121568,6.63767585351193,0.254920301140422,1.0534713890817,1.00201876831354,9.29891091516346,0.380210155547478,0.5,0.884615384615385,52
"UMass-gbqr_4src",2026-05-09,0.549600620302776,0.665255946747885,5.11795358236146,0.262117858849038,0.897466109131296,0.945060972884736,7.58531451852317,0.39949073811473,0.451923076923077,0.942307692307692,104
"UMass-gbqr_4src",2026-05-16,0.350652489752553,0.562045966830215,3.75359221812019,0.250401736285469,0.745845776222032,0.897202595879434,5.59862438433333,0.375144611048098,0.544871794871795,0.961538461538462,156
"UMass-gbqr_4src",2026-05-23,0.327613399959858,0.526435221982039,4.04670961531227,0.265779505370403,0.752777242696188,0.85861406295729,5.98240760661923,0.410997336991666,0.519230769230769,0.956730769230769,208
"UMass-gbqr_4src",2026-05-30,0.310228415237588,0.549485257584442,3.80515967200543,0.291714110345389,0.662935082752754,0.811103125979516,5.58395319703282,0.456909070378487,0.466346153846154,0.951923076923077,208
"UMass-gbqr_4src",2026-06-06,0.280565880492971,0.538601751566228,3.80798119494703,0.321476696356069,0.851635005855794,0.840870337686547,6.0597106185893,0.530973927436693,0.358974358974359,0.974358974358974,156
"UMass-gbqr_4src",2026-06-13,0.216289028657352,0.483912765509134,3.25468511306267,0.311589388180203,0.76847044210787,0.846341036972496,5.20934290082739,0.498510666326754,0.451923076923077,0.951923076923077,104
"UMass-gbqr_4src",2026-06-20,0.20032408994096,0.49085452155295,3.31464513472202,0.33801080816051,0.726907113135053,0.799921354658142,5.32599250200875,0.561426556410532,0.403846153846154,0.942307692307692,52
"UMass-gbqr_4src_ar6fp",2026-05-02,0.815037250442028,0.762419420631162,6.55099819428239,0.244606422068292,1.04081845925165,0.964231890515232,9.18722447685593,0.365872145981521,0.653846153846154,0.942307692307692,52
"UMass-gbqr_4src_ar6fp",2026-05-09,0.579140074396282,0.692271059237228,5.39302888124955,0.272762098072887,0.920163646954656,0.967916332125011,7.77715236224176,0.40915202410023,0.605769230769231,0.961538461538462,104
"UMass-gbqr_4src_ar6fp",2026-05-16,0.42217856926207,0.606259339092992,4.51924979445461,0.270099600579511,0.799333513308623,0.931370518254751,6.00012528259229,0.389431141212721,0.730769230769231,0.987179487179487,156
"UMass-gbqr_4src_ar6fp",2026-05-23,0.406383842598092,0.577327272156639,5.0196890711758,0.291473196365784,0.824842539266606,0.882455945561293,6.55511883369087,0.422409857100367,0.716346153846154,0.990384615384615,208
"UMass-gbqr_4src_ar6fp",2026-05-30,0.406790504326539,0.618688239250723,4.98955848655139,0.328453014531413,0.807913681688028,0.918571494353304,6.80511908806455,0.517447947268478,0.677884615384615,0.980769230769231,208
"UMass-gbqr_4src_ar6fp",2026-06-06,0.380657073425328,0.625055746480092,5.16646918998242,0.373078728081501,1.03222370475646,0.974188904765125,7.34466866845943,0.615158943828997,0.602564102564103,1,156
"UMass-gbqr_4src_ar6fp",2026-06-13,0.357423945871647,0.595674782084877,5.3784623422739,0.383552479151739,1.12806233177292,1.06626563379519,7.64696099903756,0.628050358382694,0.692307692307692,0.990384615384615,104
"UMass-gbqr_4src_ar6fp",2026-06-20,0.367728004323472,0.648203778848316,6.08457944719012,0.446364194523531,1.22421858111838,1.12035451490085,8.96975537319427,0.786323272402931,0.653846153846154,1,52
"UMass-gbqr_4src_ar6p",2026-05-02,0.816585652291784,0.768505777325866,6.56344373307988,0.246559103091672,1.02972016057953,0.970264673727215,9.0892606481924,0.368161250253763,0.653846153846154,0.942307692307692,52
"UMass-gbqr_4src_ar6p",2026-05-09,0.603259104004373,0.708364141610923,5.6176284712533,0.279102942246765,0.929074581273735,0.991261901564116,7.85246689365013,0.419020528921108,0.625,0.971153846153846,104
"UMass-gbqr_4src_ar6p",2026-05-16,0.47375172484114,0.633671461719499,5.07131943919635,0.282312201516155,0.885425604147222,0.993937103976261,6.64636783625895,0.415591918692524,0.724358974358974,0.980769230769231,156
"UMass-gbqr_4src_ar6p",2026-05-23,0.478351186912815,0.620476516392533,5.90863605644125,0.313257804065369,1.02898259824681,0.990438557039939,8.17744343702872,0.474098465141878,0.721153846153846,0.990384615384615,208
"UMass-gbqr_4src_ar6p",2026-05-30,0.488855106021792,0.671960833351758,5.99613589059356,0.35673469666842,1.0284865879753,1.02580673312577,8.66302164486891,0.577855498034813,0.663461538461538,0.980769230769231,208
"UMass-gbqr_4src_ar6p",2026-06-06,0.456506067385449,0.678987547910032,6.19592987190246,0.405269149486204,1.24358786448911,1.07779188193605,8.84860595886481,0.68057982647534,0.583333333333333,1,156
"UMass-gbqr_4src_ar6p",2026-06-13,0.446701536391376,0.655309842081042,6.72189823728175,0.421951242694884,1.43552507653181,1.21512963528856,9.73120364379734,0.715734033561666,0.682692307692308,0.990384615384615,104
"UMass-gbqr_4src_ar6p",2026-06-20,0.473178554041326,0.722980427460559,7.82940779848359,0.497856672068596,1.55473361468476,1.25015732545801,11.3914135999018,0.877425659555306,0.557692307692308,1,52
"UMass-gbqr_4src_wisar",2026-05-02,0.647789086033063,0.710214751803911,5.20671310492486,0.227857639296569,0.92297349809765,0.933713071875543,8.14701606974656,0.354291958914116,0.538461538461538,0.923076923076923,52
"UMass-gbqr_4src_wisar",2026-05-09,0.482299096796678,0.622997890229705,4.49123290446874,0.245467738924797,0.829108804239248,0.914800032893852,7.0075638358298,0.386699007633993,0.5,0.980769230769231,104
"UMass-gbqr_4src_wisar",2026-05-16,0.33720600372462,0.521311023570878,3.60965305672673,0.232253575598268,0.719084043675325,0.855009408073676,5.39773984066542,0.357502500892637,0.653846153846154,0.987179487179487,156
"UMass-gbqr_4src_wisar",2026-05-23,0.331165805360445,0.504460139038576,4.0905892401805,0.254685022267245,0.73159894572986,0.803871596283147,5.81410123697817,0.384793470791367,0.615384615384615,0.995192307692308,208
"UMass-gbqr_4src_wisar",2026-05-30,0.32833736360444,0.560439402820265,4.02727807458696,0.297529514285632,0.676871769874309,0.829503926767322,5.70134298471052,0.467274574483804,0.552884615384615,0.980769230769231,208
"UMass-gbqr_4src_wisar",2026-06-06,0.301258175321287,0.537144734986811,4.08882742417519,0.320607042896672,0.899987451128118,0.847638828460097,6.40375686379622,0.535247942071028,0.487179487179487,0.993589743589744,156
"UMass-gbqr_4src_wisar",2026-06-13,0.234795946678105,0.473900444820439,3.53317446106488,0.305142497128729,0.760298541883345,0.809639384167415,5.15394684642076,0.476892707849162,0.557692307692308,0.980769230769231,104
"UMass-gbqr_4src_wisar",2026-06-20,0.226086782550656,0.521897841853184,3.74092528775421,0.359387768791269,0.755331917927236,0.839780904780577,5.53425886019763,0.589402069046866,0.5,0.980769230769231,52
"UMass-gbqr_5src_all_otid10",2026-05-02,0.98500108773409,0.955088249573107,7.91711095856371,0.306420210668485,1.24010280572938,1.13543563225981,10.9462920736497,0.430834403513456,0.5,0.865384615384615,52
"UMass-gbqr_5src_all_otid10",2026-05-09,0.705046772409672,0.890043244690314,6.56548868630933,0.350686424859106,1.09858478094198,1.1982591246665,9.28515406199999,0.506521204345736,0.442307692307692,0.894230769230769,104
"UMass-gbqr_5src_all_otid10",2026-05-16,0.480381997314866,0.830098211746967,5.14229380809062,0.369823903694507,0.940545590410942,1.27480311865509,7.06012106648214,0.533029576939643,0.487179487179487,0.935897435897436,156
"UMass-gbqr_5src_all_otid10",2026-05-23,0.462263845077595,0.763874345364317,5.7099237910169,0.385654563369994,1.02085249710715,1.22249294417068,8.11283258518329,0.585177166577858,0.543269230769231,0.951923076923077,208
"UMass-gbqr_5src_all_otid10",2026-05-30,0.404030433451727,0.724511911180193,4.95570436530119,0.384633335812633,0.838113146670174,1.02468082620093,7.05949150464493,0.577221254287154,0.543269230769231,0.9375,208
"UMass-gbqr_5src_all_otid10",2026-06-06,0.373375225125447,0.682970316088896,5.06763628363727,0.407646355191106,1.0785448328048,1.04833843902917,7.67426131034183,0.661981227433512,0.519230769230769,0.961538461538462,156
"UMass-gbqr_5src_all_otid10",2026-06-13,0.268326748654397,0.572815028096184,4.03774097883392,0.368833179999147,0.882850978481721,0.924022061001224,5.98471095990013,0.544266239266985,0.605769230769231,0.971153846153846,104
"UMass-gbqr_5src_all_otid10",2026-06-20,0.263733839710794,0.608260397716417,4.36384904539729,0.418858499976109,0.914327680334158,0.893698078590051,6.69920858090989,0.627243955686056,0.480769230769231,0.961538461538462,52
"UMass-gbqr_5src_mobsgleam_otid10",2026-05-02,0.934901546226118,0.943719352335814,7.51442751584363,0.302772736324542,1.32540692407681,1.25589394946069,11.6992649644473,0.476541606779735,0.461538461538462,0.923076923076923,52
"UMass-gbqr_5src_mobsgleam_otid10",2026-05-09,0.607785264032549,0.765826140628999,5.6597766713732,0.301743575857683,1.06162549055452,1.14904215656361,8.97277698266749,0.485716490703637,0.423076923076923,0.961538461538462,104
"UMass-gbqr_5src_mobsgleam_otid10",2026-05-16,0.392875868240562,0.624966421928816,4.20557630363795,0.278433947411221,0.848377667102967,1.02717782328831,6.36827082165112,0.4294907602413,0.474358974358974,0.967948717948718,156
"UMass-gbqr_5src_mobsgleam_otid10",2026-05-23,0.353495678318025,0.570908964363653,4.3664098006863,0.288232807806461,0.834666926212495,0.964142799578903,6.63319437033295,0.461511335770341,0.461538461538462,0.971153846153846,208
"UMass-gbqr_5src_mobsgleam_otid10",2026-05-30,0.301911140429092,0.537193761156706,3.70314271569909,0.285188725185844,0.664442628447246,0.802130294661657,5.59665137038257,0.451854512104957,0.524038461538462,0.990384615384615,208
"UMass-gbqr_5src_mobsgleam_otid10",2026-06-06,0.295837604652937,0.512048763426708,4.01525671367152,0.305627941908739,0.881717222050393,0.798920503110297,6.27375715689703,0.504484387466056,0.480769230769231,1,156
"UMass-gbqr_5src_mobsgleam_otid10",2026-06-13,0.227953607313982,0.476903483215974,3.43021195665503,0.307076140882396,0.787619106589017,0.838962511709374,5.3391487513967,0.494164577238855,0.528846153846154,1,104
"UMass-gbqr_5src_mobsgleam_otid10",2026-06-20,0.209861305067449,0.47982553232856,3.4724518354894,0.330416057786946,0.736267311746695,0.764585619969262,5.39457395722097,0.536626093553666,0.5,1,52
"UMass-gbqr_5src_mobsgleam_otid50",2026-05-02,0.980906648565631,1.02565552715856,7.88420121905839,0.329060254741587,1.41664735401725,1.33936015411336,12.5046372210369,0.508212369501437,0.461538461538462,0.942307692307692,52
"UMass-gbqr_5src_mobsgleam_otid50",2026-05-09,0.647444574373379,0.839113773734722,6.02908940854045,0.330619676197251,1.15096506129236,1.27574179001765,9.72786816226907,0.539274230933792,0.442307692307692,0.971153846153846,104
"UMass-gbqr_5src_mobsgleam_otid50",2026-05-16,0.438557056517068,0.699950772999767,4.69457483591752,0.311840844374289,0.963765739126449,1.16932442949471,7.23442102895559,0.488926091282484,0.519230769230769,0.980769230769231,156
"UMass-gbqr_5src_mobsgleam_otid50",2026-05-23,0.386535031287734,0.624197156014222,4.77451480299267,0.315136230350356,0.939047200661351,1.09247100837946,7.46271645525584,0.522938878543496,0.524038461538462,0.975961538461538,208
"UMass-gbqr_5src_mobsgleam_otid50",2026-05-30,0.318689569485648,0.557323298410097,3.90894140617919,0.295875217626698,0.718268485263976,0.844542142214322,6.05003070280042,0.475745873409871,0.620192307692308,0.990384615384615,208
"UMass-gbqr_5src_mobsgleam_otid50",2026-06-06,0.319116499647832,0.521733709751148,4.33120958086959,0.311408622234626,0.9465021030639,0.799540345653155,6.73472650257006,0.504875791722601,0.634615384615385,1,156
"UMass-gbqr_5src_mobsgleam_otid50",2026-06-13,0.237926578844707,0.489541565643795,3.58028374797769,0.31521374884013,0.786936156897486,0.845832049766623,5.334519140507,0.498210863363094,0.625,1,104
"UMass-gbqr_5src_mobsgleam_otid50",2026-06-20,0.215786801660119,0.4790433337193,3.57049754959945,0.329877422463345,0.7339277794471,0.732516402662685,5.37743238402587,0.514118243082656,0.634615384615385,1,52
"UMass-gbqr_5src_nihflu_otid10",2026-05-02,0.851305556148298,0.843140764242248,6.8425107663306,0.270504187144773,1.05557856780065,1.01717482692906,9.31751081962496,0.385961033261466,0.480769230769231,0.903846153846154,52
"UMass-gbqr_5src_nihflu_otid10",2026-05-09,0.608467295764126,0.754674878692519,5.66612784095883,0.297349861052812,0.963139136508711,1.0406320748491,8.14037789414574,0.439890004576492,0.375,0.932692307692308,104
"UMass-gbqr_5src_nihflu_otid10",2026-05-16,0.407758480638349,0.690763924643789,4.36488861344375,0.307747935759889,0.824888120500366,1.05970592046204,6.19194864811493,0.443091635248145,0.474358974358974,0.92948717948718,156
"UMass-gbqr_5src_nihflu_otid10",2026-05-23,0.394542408319461,0.630591569810163,4.87342263042493,0.318364555631138,0.896469674244197,1.00341603512997,7.1243479400272,0.480310463251367,0.408653846153846,0.947115384615385,208
"UMass-gbqr_5src_nihflu_otid10",2026-05-30,0.336773040896455,0.597470750157892,4.13074731680013,0.317188943532152,0.715164887248836,0.846531475727211,6.02388885798058,0.476866500981056,0.461538461538462,0.9375,208
"UMass-gbqr_5src_nihflu_otid10",2026-06-06,0.315727583187126,0.575235423409969,4.28521350276152,0.343342335978428,0.934642583771773,0.883855910110515,6.650341461453,0.558117491896184,0.358974358974359,0.955128205128205,156
"UMass-gbqr_5src_nihflu_otid10",2026-06-13,0.21718981665775,0.472152114181951,3.2682400368289,0.304016754406464,0.725464113747583,0.790881157650237,4.91780961723121,0.465843762339397,0.5,0.971153846153846,104
"UMass-gbqr_5src_nihflu_otid10",2026-06-20,0.217899860884464,0.51944881152106,3.60546110031079,0.35770132467102,0.766911951270351,0.818488224292328,5.61910487373084,0.57445775456688,0.461538461538462,0.942307692307692,52
"UMass-gbqr_5src_nihflu_otid50",2026-05-02,0.888360800945,0.878480728673643,7.14034849291332,0.281842280091603,1.08848145462515,1.05874546009741,9.60794207063351,0.401734766651461,0.384615384615385,0.923076923076923,52
"UMass-gbqr_5src_nihflu_otid50",2026-05-09,0.666687140123594,0.849903319845687,6.20827872288454,0.334870871152192,1.04690016868646,1.1364453635349,8.84831969495572,0.48039164681599,0.384615384615385,0.932692307692308,104
"UMass-gbqr_5src_nihflu_otid50",2026-05-16,0.472771767524795,0.813942544988519,5.0608293948812,0.362626259291897,0.997792543739376,1.26857494840174,7.48984018409493,0.530425410926345,0.403846153846154,0.92948717948718,156
"UMass-gbqr_5src_nihflu_otid50",2026-05-23,0.465008615551983,0.744810071137229,5.74382743803467,0.376029650061108,1.10978450480527,1.21608733081645,8.8195855117457,0.582110957737395,0.403846153846154,0.9375,208
"UMass-gbqr_5src_nihflu_otid50",2026-05-30,0.382697110593412,0.67452451728539,4.69403684606972,0.358095720949933,0.850825905666819,0.964417795210831,7.16657205157821,0.543273998277476,0.456730769230769,0.923076923076923,208
"UMass-gbqr_5src_nihflu_otid50",2026-06-06,0.36395977331516,0.641914242695126,4.93984503770065,0.383141104694611,1.04176925039951,0.941461331433475,7.41258889707342,0.59449287039467,0.442307692307692,0.948717948717949,156
"UMass-gbqr_5src_nihflu_otid50",2026-06-13,0.248465842302802,0.52546982521013,3.73887701594253,0.338347803600755,0.838710704277635,0.871581140039847,5.68549083188204,0.513377558098032,0.576923076923077,0.961538461538462,104
"UMass-gbqr_5src_nihflu_otid50",2026-06-20,0.25415059387658,0.574419349643813,4.20528070152719,0.395554976211409,0.884147081599917,0.862555518340329,6.47807765556862,0.605386481501883,0.557692307692308,0.942307692307692,52
"UMass-gbqr_5src_utseirs_otid10",2026-05-02,0.964160303659617,0.98740262175076,7.74959967148418,0.316787605236183,1.30182940266999,1.23683138678186,11.4911479966447,0.469308428968657,0.519230769230769,0.942307692307692,52
"UMass-gbqr_5src_utseirs_otid10",2026-05-09,0.683830891229596,0.895303260160589,6.36792359799355,0.352758926426843,1.11808521885105,1.23591216836871,9.44997026317379,0.522437682385189,0.490384615384615,0.942307692307692,104
"UMass-gbqr_5src_utseirs_otid10",2026-05-16,0.480767765477578,0.829119735711074,5.14642329929879,0.369387974762069,1.00269664984619,1.30016843000414,7.52665241647363,0.543635497947738,0.519230769230769,0.961538461538462,156
"UMass-gbqr_5src_utseirs_otid10",2026-05-23,0.441925425174167,0.767081347040171,5.45870183430345,0.387273671065564,1.02962979644531,1.27487044778684,8.18258679578895,0.610248983396663,0.552884615384615,0.971153846153846,208
"UMass-gbqr_5src_utseirs_otid10",2026-05-30,0.372734984598175,0.697074134548855,4.57184468628485,0.370067000338862,0.801537816208454,0.990922143715932,6.7514146826789,0.558204377471649,0.620192307692308,0.947115384615385,208
"UMass-gbqr_5src_utseirs_otid10",2026-06-06,0.329405465398326,0.642021663621134,4.47085659719422,0.38320522131568,0.965683463307173,1.00001453144875,6.87120925814719,0.631466730908803,0.615384615384615,0.980769230769231,156
"UMass-gbqr_5src_utseirs_otid10",2026-06-13,0.245726094429861,0.546510598622059,3.69764969770562,0.351895868833882,0.787283967944189,0.871342885363336,5.3368768980832,0.513237221646939,0.692307692307692,0.971153846153846,104
"UMass-gbqr_5src_utseirs_otid10",2026-06-20,0.246144070182957,0.577447133058275,4.07280145345011,0.397639959590231,0.922257511922741,0.923643030714932,6.75730984697239,0.648260885982329,0.653846153846154,1,52
"UMass-gbqr_5src_utseirs_otid50",2026-05-02,1.01758400095466,1.06128283515358,8.1790015722217,0.340490535897557,1.38059565036814,1.31600861705337,12.1864116061342,0.499351765470244,0.442307692307692,0.942307692307692,52
"UMass-gbqr_5src_utseirs_otid50",2026-05-09,0.739753030566373,0.984131377278762,6.88867794720499,0.387758141358221,1.25330687531628,1.40193227470133,10.5928533019521,0.592616746724556,0.480769230769231,0.942307692307692,104
"UMass-gbqr_5src_utseirs_otid50",2026-05-16,0.531706663443198,0.953225376610568,5.69170347437554,0.424679302870544,1.14112375546398,1.57652062450813,8.56574306184821,0.65918580620099,0.493589743589744,0.980769230769231,156
"UMass-gbqr_5src_utseirs_otid50",2026-05-23,0.488517647447696,0.872918396144594,6.03421307375873,0.440707251088818,1.15040550141152,1.46852301681468,9.1424052588137,0.702945683352761,0.495192307692308,0.975961538461538,208
"UMass-gbqr_5src_utseirs_otid50",2026-05-30,0.404937446201868,0.760595718316766,4.96682948527508,0.403789729094216,0.889460291617499,1.10990724197015,7.49199245631662,0.625230836735473,0.615384615384615,0.956730769230769,208
"UMass-gbqr_5src_utseirs_otid50",2026-06-06,0.357710287869736,0.692360654258194,4.85502387907489,0.413251191943964,1.08780674143677,1.10259331291505,7.7401633525309,0.696240877439747,0.58974358974359,0.980769230769231,156
"UMass-gbqr_5src_utseirs_otid50",2026-06-13,0.26875486575306,0.588626376122882,4.04418322121818,0.379014040288625,0.937587912459978,1.00961889994518,6.35576421427196,0.594684374927824,0.682692307692308,0.990384615384615,104
"UMass-gbqr_5src_utseirs_otid50",2026-06-20,0.277861613384762,0.6382525274119,4.59761302399154,0.439511592800337,1.08382925644735,1.0612973831632,7.94113359050847,0.744873895023674,0.538461538461538,1,52
"UMass-gbqr_nih10_ar6fp",2026-05-02,0.843991867974346,0.813216750929419,6.78372577460768,0.260903689528493,1.06287909216394,1.00932575673855,9.38195198660096,0.382982749528261,0.615384615384615,0.942307692307692,52
"UMass-gbqr_nih10_ar6fp",2026-05-09,0.607205455003793,0.746501391845673,5.65437741310058,0.294129421037057,0.9637212633681,1.0367070760285,8.14529798558231,0.438230851653104,0.576923076923077,0.971153846153846,104
"UMass-gbqr_nih10_ar6fp",2026-05-16,0.439414164894933,0.672841725333449,4.70374983233494,0.299763268863918,0.836174549011493,1.02218895978754,6.27666921084909,0.427404781816621,0.717948717948718,0.987179487179487,156
"UMass-gbqr_nih10_ar6fp",2026-05-23,0.415967144106721,0.614016737618858,5.13806285676015,0.309996478197382,0.844081912300569,0.93019024298756,6.70801635111942,0.445259085842081,0.725961538461538,0.995192307692308,208
"UMass-gbqr_nih10_ar6fp",2026-05-30,0.400726585043757,0.63349539080573,4.91518044773935,0.336313926144595,0.776260485206155,0.901727766605822,6.53850177923646,0.507959570587009,0.677884615384615,0.985576923076923,208
"UMass-gbqr_nih10_ar6fp",2026-06-06,0.374116733792688,0.630870804894442,5.07770041209003,0.37654957785636,1.01543299346229,0.965420534565516,7.22519629963553,0.609622090222156,0.666666666666667,1,156
"UMass-gbqr_nih10_ar6fp",2026-06-13,0.340830638356953,0.587013817264275,5.12876872036531,0.377975720442631,1.01949231039477,1.00226348128864,6.91098152719531,0.590351896062451,0.759615384615385,1,104
"UMass-gbqr_nih10_ar6fp",2026-06-20,0.35446182832641,0.643029851505736,5.86507181963526,0.442801339776067,1.16634105170592,1.09208739546085,8.54569116730683,0.766483932654806,0.673076923076923,1,52
"UMass-gbqr_nih10_ar6p",2026-05-02,0.847737569964244,0.821373305259009,6.81383248072306,0.263520550428121,1.05532200336503,1.02095143129776,9.31524614508751,0.387394043679908,0.615384615384615,0.942307692307692,52
"UMass-gbqr_nih10_ar6p",2026-05-09,0.629640291190573,0.760932303597818,5.86329357147131,0.29981535245669,0.966146035429913,1.05845735658429,8.16579197252783,0.447425005133925,0.615384615384615,0.971153846153846,104
"UMass-gbqr_nih10_ar6p",2026-05-16,0.486510061710401,0.6973908415895,5.20789224386233,0.310700348208971,0.899532195086957,1.07735858344615,6.75225769517197,0.45047268989461,0.685897435897436,0.980769230769231,156
"UMass-gbqr_nih10_ar6p",2026-05-23,0.480353895175853,0.653343192018828,5.9333736855666,0.329851087391354,1.00969989436363,1.02715671962755,8.02420156434176,0.49167454232696,0.701923076923077,0.995192307692308,208
"UMass-gbqr_nih10_ar6p",2026-05-30,0.47763241001465,0.684476889215048,5.85848199378707,0.363379297321116,0.969793135584639,1.00559975318703,8.16864218050138,0.566472540525168,0.673076923076923,0.990384615384615,208
"UMass-gbqr_nih10_ar6p",2026-06-06,0.444459430765639,0.684251357275768,6.0324268628053,0.408410973738027,1.18314951093059,1.06701633794259,8.41856382777538,0.673775527812341,0.628205128205128,1,156
"UMass-gbqr_nih10_ar6p",2026-06-13,0.426076841672909,0.646025491739739,6.41154090071983,0.415973088678935,1.30825303798242,1.14824686036177,8.86844607478469,0.676338830873861,0.721153846153846,1,104
"UMass-gbqr_nih10_ar6p",2026-06-20,0.455984096523231,0.717520964310039,7.54490120233064,0.494097192486353,1.45324171610169,1.22222180313279,10.6477902660528,0.857819051969135,0.576923076923077,1,52
"UMass-gbqr_nih10_wisar",2026-05-02,0.668839656674792,0.734725974428597,5.37591058662008,0.235721555540702,0.933967463561252,0.950258513218666,8.24405895720412,0.360570029770272,0.519230769230769,0.942307692307692,52
"UMass-gbqr_nih10_wisar",2026-05-09,0.50925634440302,0.661618769193618,4.74226235542073,0.260684772534757,0.862010575334245,0.958764903204448,7.28564707421924,0.405283584709361,0.519230769230769,0.980769230769231,104
"UMass-gbqr_nih10_wisar",2026-05-16,0.356736771037916,0.565531321455113,3.81872197351336,0.251954525383071,0.754853324418695,0.912167236575291,5.66623873650187,0.381401731055446,0.647435897435897,0.987179487179487,156
"UMass-gbqr_nih10_wisar",2026-05-23,0.351601140105695,0.5318641239067,4.34300829756905,0.268520376056845,0.795687007546523,0.855194766979296,6.32341645901155,0.409360604492199,0.596153846153846,1,208
"UMass-gbqr_nih10_wisar",2026-05-30,0.330755709237559,0.568310871167396,4.05694070645474,0.301708367774968,0.692300673932987,0.823561121837029,5.83130183043555,0.463926884912442,0.538461538461538,0.980769230769231,208
"UMass-gbqr_nih10_wisar",2026-06-06,0.307720833862178,0.539466977485472,4.1765418752333,0.321993126110171,0.921156704083551,0.852253766365893,6.5543842405945,0.53816207947711,0.493589743589744,0.993589743589744,156
"UMass-gbqr_nih10_wisar",2026-06-13,0.230266501162076,0.457725132073943,3.46501603905447,0.294727281491669,0.732003938133361,0.760842630393827,4.96214208061557,0.448150509166145,0.644230769230769,1,104
"UMass-gbqr_nih10_wisar",2026-06-20,0.225078729257657,0.520416673463946,3.72424562159841,0.358367810937598,0.744859771547452,0.831025102384798,5.45753024922268,0.583256789940304,0.5,0.980769230769231,52
