"model_id","location","wis_scaled_relative_skill","wis","ae_median_scaled_relative_skill","ae_median","interval_coverage_50","interval_coverage_95","n"
"UMass-AR2","01",1,59.2934176791361,1,85.1916715845495,0.405529953917051,0.870967741935484,217
"UMass-AR2","02",1,5.88752844122395,1,8.6865092418606,0.529953917050691,0.921658986175115,217
"UMass-AR2","04",1,175.501722235674,1,243.213408636328,0.47926267281106,0.861751152073733,217
"UMass-AR2","05",1,49.7284672559288,1,69.2105546495526,0.410138248847926,0.806451612903226,217
"UMass-AR2","06",1,276.754065562879,1,392.591026388092,0.497695852534562,0.861751152073733,217
"UMass-AR2","08",1,54.9339233879119,1,78.4913098359264,0.391705069124424,0.861751152073733,217
"UMass-AR2","09",1,36.5872966657175,1,56.4350859552241,0.423963133640553,0.930875576036866,217
"UMass-AR2","10",1,14.117398679709,1,19.557844878058,0.465437788018433,0.870967741935484,217
"UMass-AR2","11",1,18.7360280456506,1,25.1967707384864,0.391705069124424,0.788018433179724,217
"UMass-AR2","12",1,232.627542024207,1,337.854320093665,0.387096774193548,0.829493087557604,217
"UMass-AR2","13",1,129.232233094326,1,172.374728259103,0.405529953917051,0.737327188940092,217
"UMass-AR2","15",1,9.7881131245633,1,13.9121510858824,0.36405529953917,0.857142857142857,217
"UMass-AR2","16",1,25.6897007498676,1,36.6260552951861,0.470046082949309,0.875576036866359,217
"UMass-AR2","17",1,127.657455666862,1,171.981742394717,0.566820276497696,0.880184331797235,217
"UMass-AR2","18",1,113.592671648082,1,161.662844544429,0.410138248847926,0.866359447004608,217
"UMass-AR2","19",1,32.9463565068512,1,50.2282576422643,0.410138248847926,0.884792626728111,217
"UMass-AR2","20",1,36.5670392823709,1,51.8614255234176,0.382488479262673,0.84331797235023,217
"UMass-AR2","21",1,78.9570134758974,1,108.238689320814,0.465437788018433,0.894009216589862,217
"UMass-AR2","22",1,53.6151956663886,1,79.4313383927758,0.350230414746544,0.852534562211982,217
"UMass-AR2","23",1,18.1375718665662,1,27.1265140208588,0.447004608294931,0.903225806451613,217
"UMass-AR2","24",1,70.2443377963764,1,97.0051693681215,0.3963133640553,0.806451612903226,217
"UMass-AR2","25",1,109.462266348032,1,156.743160668297,0.35377358490566,0.834905660377358,217
"UMass-AR2","26",1,125.760809662174,1,191.081093371003,0.350230414746544,0.84331797235023,217
"UMass-AR2","27",1,67.6660585081675,1,96.7660810284385,0.509433962264151,0.89622641509434,217
"UMass-AR2","28",1,40.1459750268033,1,56.853156297915,0.400921658986175,0.834101382488479,217
"UMass-AR2","29",1,111.556943879407,1,154.247608976045,0.359447004608295,0.847926267281106,217
"UMass-AR2","30",1,18.5712808685339,1,27.0729124300942,0.368663594470046,0.806451612903226,217
"UMass-AR2","31",1,22.4484402439852,1,32.6733798603532,0.419354838709677,0.866359447004608,217
"UMass-AR2","32",1,24.7836688450373,1,36.2730030924932,0.571428571428571,0.921658986175115,217
"UMass-AR2","33",1,25.0752226861167,1,35.712949810013,0.451612903225806,0.847926267281106,217
"UMass-AR2","34",1,131.214559061251,1,183.849787584893,0.419354838709677,0.815668202764977,217
"UMass-AR2","35",1,29.2102362026287,1,43.7739156792093,0.488479262672811,0.889400921658986,217
"UMass-AR2","36",1,200.972737213694,1,284.135338954434,0.447004608294931,0.852534562211982,217
"UMass-AR2","37",1,157.286179955156,1,214.184432446304,0.433179723502304,0.80184331797235,217
"UMass-AR2","38",1,9.7567320612223,1,13.8966099364845,0.447004608294931,0.834101382488479,217
"UMass-AR2","39",1,230.77584421563,1,340.145718106073,0.285714285714286,0.811059907834101,217
"UMass-AR2","40",1,74.1749607371216,1,102.49311659857,0.433179723502304,0.889400921658986,217
"UMass-AR2","41",1,50.7631886303478,1,68.5971441536973,0.571428571428571,0.861751152073733,217
"UMass-AR2","42",1,245.995754085356,1,346.177157611559,0.470046082949309,0.875576036866359,217
"UMass-AR2","44",1,14.2528962327254,1,20.1287472858539,0.387096774193548,0.815668202764977,217
"UMass-AR2","45",1,98.1123014874771,1,132.235712744221,0.447004608294931,0.746543778801843,217
"UMass-AR2","46",1,13.7844428145454,1,20.1113633628901,0.400921658986175,0.834101382488479,217
"UMass-AR2","47",1,87.8977821867487,1,123.315693860316,0.447004608294931,0.847926267281106,217
"UMass-AR2","48",1,312.150921311754,1,428.555897881616,0.43778801843318,0.788018433179724,217
"UMass-AR2","49",1,23.7469110963787,1,31.0908733408748,0.516129032258065,0.861751152073733,217
"UMass-AR2","50",1,8.19648164325735,1,12.0382893303309,0.405529953917051,0.880184331797235,217
"UMass-AR2","51",1,94.3247442515289,1,129.803317748202,0.456221198156682,0.806451612903226,217
"UMass-AR2","53",1,45.8155822063994,1,65.1148303293148,0.608294930875576,0.926267281105991,217
"UMass-AR2","54",1,40.2387638955667,1,59.0835853871755,0.423963133640553,0.852534562211982,217
"UMass-AR2","55",1,63.4449530223702,1,89.890336459389,0.474654377880184,0.898617511520737,217
"UMass-AR2","56",1,11.5042801277118,1,16.8040822257431,0.410138248847926,0.847926267281106,217
"UMass-AR4_pooled","01",1.01567875612101,60.222422713496,1.01027271902002,86.0659913634802,0.456221198156682,0.838709677419355,217
"UMass-AR4_pooled","02",1.10484842300971,6.5049769465819,1.14159112088384,9.91558219648198,0.576036866359447,0.967741935483871,217
"UMass-AR4_pooled","04",0.999560796562676,175.420198104138,0.998033553390042,242.727701125162,0.470046082949309,0.815668202764977,217
"UMass-AR4_pooled","05",0.908626134154071,45.1879549120322,0.932950331525792,64.5716891959085,0.410138248847926,0.834101382488479,217
"UMass-AR4_pooled","06",0.958225880206193,265.19402532348,0.942874621506065,370.168473750703,0.534562211981567,0.852534562211982,217
"UMass-AR4_pooled","08",0.972755079794351,53.4336778553698,0.959080031747817,75.2726258044246,0.47926267281106,0.834101382488479,217
"UMass-AR4_pooled","09",0.905738998712849,33.139271527005,0.913348016370695,51.5459701171471,0.447004608294931,0.930875576036866,217
"UMass-AR4_pooled","10",1.03897118373705,14.6666400217566,1.07552184905146,21.0327852385022,0.626728110599078,0.91705069124424,217
"UMass-AR4_pooled","11",1.01479821909569,19.0113629380362,1.05284226999741,26.5235164451609,0.3963133640553,0.834101382488479,217
"UMass-AR4_pooled","12",0.919090701757683,213.81238467831,0.909720202907727,307.367219215959,0.414746543778802,0.811059907834101,217
"UMass-AR4_pooled","13",0.901945637379033,116.562220830386,0.905153668919895,156.028771828487,0.423963133640553,0.737327188940092,217
"UMass-AR4_pooled","15",0.937562450617696,9.18223240029252,1.03075724539808,14.3483608433971,0.474654377880184,0.963133640552995,217
"UMass-AR4_pooled","16",1.03810708219182,26.6681167573769,1.07933548067687,39.5297114520544,0.423963133640553,0.857142857142857,217
"UMass-AR4_pooled","17",0.986731379344945,125.959365790418,0.995234310591115,171.152938023207,0.488479262672811,0.852534562211982,217
"UMass-AR4_pooled","18",1.01454493685629,115.237472924713,0.991483336848669,160.27358551529,0.377880184331797,0.834101382488479,217
"UMass-AR4_pooled","19",0.88980645388663,29.3131656354529,0.878850502543841,44.1373742259233,0.447004608294931,0.884792626728111,217
"UMass-AR4_pooled","20",0.973777472303737,35.6072022734136,0.948699509915694,49.1995117649733,0.47926267281106,0.834101382488479,217
"UMass-AR4_pooled","21",1.03704350865841,81.8756937066114,1.03819170827094,112.361277998193,0.433179723502304,0.875576036866359,217
"UMass-AR4_pooled","22",0.967644974124939,51.8802037557299,0.977051193588035,77.6074738802018,0.433179723502304,0.875576036866359,217
"UMass-AR4_pooled","23",0.866885870522054,15.7232510052519,0.875438652092175,23.7471369756726,0.525345622119816,0.91705069124424,217
"UMass-AR4_pooled","24",0.939481736679755,65.9904346884496,0.939888207777627,91.1686359683279,0.405529953917051,0.778801843317972,217
"UMass-AR4_pooled","25",0.934128801217989,102.250857499087,0.919929420941158,144.18907109374,0.363207547169811,0.792452830188679,217
"UMass-AR4_pooled","26",0.914852745645898,115.036685227511,0.895455890396039,171.076744963735,0.368663594470046,0.811059907834101,217
"UMass-AR4_pooled","27",1.01719080121197,68.8280168336513,1.02045282312704,98.7429278866279,0.485849056603774,0.872641509433962,217
"UMass-AR4_pooled","28",0.98852448296161,39.6836379430904,1.01034402632709,57.4371357878076,0.493087557603687,0.861751152073733,217
"UMass-AR4_pooled","29",0.959864784996859,107.076594228787,0.948088217903333,146.235788689118,0.336405529953917,0.824884792626728,217
"UMass-AR4_pooled","30",0.862246012378377,16.0127914320936,0.869756853692751,23.5453623698118,0.447004608294931,0.852534562211982,217
"UMass-AR4_pooled","31",0.916551603423523,20.5703476214432,0.912889718480662,29.819440386335,0.47926267281106,0.898617511520737,217
"UMass-AR4_pooled","32",0.976722830866481,24.2065301925126,0.968779880433244,35.1401992600186,0.534562211981567,0.898617511520737,217
"UMass-AR4_pooled","33",1.01520394198799,25.4551990996677,0.989414997275168,35.3321566028834,0.502304147465438,0.847926267281106,217
"UMass-AR4_pooled","34",0.896609622858733,117.645538067063,0.915698607936879,168.345189484623,0.387096774193548,0.820276497695853,217
"UMass-AR4_pooled","35",0.985163650300831,28.7754811604259,1.00925915078,44.1762454299679,0.419354838709677,0.875576036866359,217
"UMass-AR4_pooled","36",0.946983954567391,190.3200209039,0.931227474379855,264.599458926944,0.387096774193548,0.811059907834101,217
"UMass-AR4_pooled","37",0.906149079664638,142.520670032191,0.91151735938474,195.224505341638,0.419354838709677,0.788018433179724,217
"UMass-AR4_pooled","38",0.861708873384089,8.40516483440261,0.882936960335946,12.2655506999511,0.612903225806452,0.949308755760369,217
"UMass-AR4_pooled","39",0.749131004311961,172.881080918277,0.755031456509394,256.820704224464,0.391705069124424,0.847926267281106,217
"UMass-AR4_pooled","40",0.938377189115571,69.6025871902592,0.931834817184183,95.5053301217045,0.460829493087558,0.884792626728111,217
"UMass-AR4_pooled","41",1.02794801604583,52.1787916118629,1.0151161614204,69.6292390896628,0.506912442396313,0.834101382488479,217
"UMass-AR4_pooled","42",0.847491054270328,208.477643604882,0.836322921959226,289.507453190348,0.451612903225806,0.847926267281106,217
"UMass-AR4_pooled","44",0.820239308019991,11.6899005261146,0.851550349184445,17.1375721191937,0.497695852534562,0.903225806451613,217
"UMass-AR4_pooled","45",0.903263901265896,88.61955976204,0.899944260880832,118.998808097029,0.483870967741935,0.76036866359447,217
"UMass-AR4_pooled","46",0.913502342799232,12.5897902346738,0.979034261714671,19.6849247291473,0.465437788018433,0.944700460829493,217
"UMass-AR4_pooled","47",1.00954834456608,88.7317260204498,1.02001707631346,125.772191915818,0.465437788018433,0.852534562211982,217
"UMass-AR4_pooled","48",0.985986443964365,307.809779904316,0.941074826527963,403.343364362383,0.470046082949309,0.714285714285714,217
"UMass-AR4_pooled","49",0.920209770184621,21.8542975949113,0.970727365404145,30.184090077397,0.543778801843318,0.857142857142857,217
"UMass-AR4_pooled","50",0.854945125080903,7.006522092322,0.896460282006994,10.7896544033706,0.493087557603687,0.930875576036866,217
"UMass-AR4_pooled","51",0.953049429970018,89.8907862521696,0.979910699446755,127.175321787803,0.460829493087558,0.820276497695853,217
"UMass-AR4_pooled","53",1.03548999775838,47.4361842858416,1.05594549921562,68.7472507129804,0.529953917050691,0.907834101382488,217
"UMass-AR4_pooled","54",0.911033818047107,36.6570230760437,0.923540417541851,54.5633964321328,0.502304147465438,0.884792626728111,217
"UMass-AR4_pooled","55",0.934660431787955,59.2988073520798,0.947351026859769,85.1571776683788,0.423963133640553,0.866359447004608,217
"UMass-AR4_pooled","56",1.07447925598064,12.361513956746,1.08952573855983,18.3085482825795,0.470046082949309,0.907834101382488,217
"UMass-AR6_fourier_d1_pooled","01",1.12549853613761,66.728739738573,1.13226652008685,96.449285464723,0.423963133640553,0.829493087557604,217
"UMass-AR6_fourier_d1_pooled","02",1.17114726798126,6.8950847680596,1.22181778083965,10.6116122414809,0.552995391705069,0.972350230414747,217
"UMass-AR6_fourier_d1_pooled","04",1.07984329043287,189.508972838741,1.0920841727981,265.600188017051,0.456221198156682,0.820276497695853,217
"UMass-AR6_fourier_d1_pooled","05",0.983602306249027,48.9248186888937,1.02061814891881,70.6495424823189,0.377880184331797,0.834101382488479,217
"UMass-AR6_fourier_d1_pooled","06",1.00494879007036,278.112708612972,1.00232862277812,393.487750948075,0.447004608294931,0.811059907834101,217
"UMass-AR6_fourier_d1_pooled","08",1.03533587974509,56.8704855975466,1.06455152732889,83.547626636724,0.3963133640553,0.866359447004608,217
"UMass-AR6_fourier_d1_pooled","09",1.038297388989,37.99010424227,1.04427213429614,58.9359425036485,0.391705069124424,0.912442396313364,217
"UMass-AR6_fourier_d1_pooled","10",1.17988799871816,16.6557838177919,1.26671121777032,24.7714441430915,0.571428571428571,0.921658986175115,217
"UMass-AR6_fourier_d1_pooled","11",1.0871034047019,20.3658167898601,1.15727846691154,29.1542640296381,0.382488479262673,0.824884792626728,217
"UMass-AR6_fourier_d1_pooled","12",0.89854435603414,209.034498196327,0.906543548578711,306.294195960176,0.428571428571429,0.834101382488479,217
"UMass-AR6_fourier_d1_pooled","13",0.950796521168583,122.868162778895,0.971577292413205,167.464475382166,0.419354838709677,0.746543778801843,217
"UMass-AR6_fourier_d1_pooled","15",0.954046879563903,9.34637931019545,1.02478645310659,14.2697708802736,0.56221198156682,0.95852534562212,217
"UMass-AR6_fourier_d1_pooled","16",1.08760668754831,27.9405398254882,1.13484999397167,41.5643472893017,0.400921658986175,0.884792626728111,217
"UMass-AR6_fourier_d1_pooled","17",1.10244717776637,140.732607762777,1.1665758326517,200.618331515439,0.400921658986175,0.857142857142857,217
"UMass-AR6_fourier_d1_pooled","18",1.1611660999541,131.889586811247,1.13556358463486,183.5610103281,0.327188940092166,0.792626728110599,217
"UMass-AR6_fourier_d1_pooled","19",0.964400699972541,31.771312494143,0.96632386172135,48.53204431054,0.428571428571429,0.880184331797235,217
"UMass-AR6_fourier_d1_pooled","20",1.10560253820693,40.4282097997502,1.12959258309524,58.5803800341318,0.373271889400922,0.80184331797235,217
"UMass-AR6_fourier_d1_pooled","21",1.18434341503481,93.5027681293229,1.21394401463464,131.377765412767,0.354838709677419,0.847926267281106,217
"UMass-AR6_fourier_d1_pooled","22",1.01616919885295,54.4777481216238,1.03908306824823,82.5240654558339,0.405529953917051,0.870967741935484,217
"UMass-AR6_fourier_d1_pooled","23",1.00821217873294,18.286745751072,1.04901877089656,28.4558906881748,0.442396313364055,0.91705069124424,217
"UMass-AR6_fourier_d1_pooled","24",1.05324243407775,73.9801662610586,1.05894530483741,102.715116288827,0.354838709677419,0.741935483870968,217
"UMass-AR6_fourier_d1_pooled","25",1.00137741172044,109.611895994246,1.0106518660424,158.406517197713,0.372641509433962,0.759433962264151,217
"UMass-AR6_fourier_d1_pooled","26",0.99157586272831,124.688444559725,0.991123813073531,189.362530219321,0.350230414746544,0.792626728110599,217
"UMass-AR6_fourier_d1_pooled","27",1.23288857006312,83.4233464870835,1.25402693469785,121.343999556894,0.405660377358491,0.806603773584906,217
"UMass-AR6_fourier_d1_pooled","28",1.08172970913791,43.4239070078146,1.09966171958301,62.5131571114204,0.493087557603687,0.834101382488479,217
"UMass-AR6_fourier_d1_pooled","29",1.0102905915188,112.702274817474,1.00154641716095,154.481554916151,0.304147465437788,0.824884792626728,217
"UMass-AR6_fourier_d1_pooled","30",0.945056130300134,17.5504001533689,0.975960751015268,26.4202272459015,0.373271889400922,0.857142857142857,217
"UMass-AR6_fourier_d1_pooled","31",1.03964908064308,23.3336360502743,1.05589317719884,34.4915337048319,0.414746543778802,0.884792626728111,217
"UMass-AR6_fourier_d1_pooled","32",1.06517423618428,26.3988648467971,1.05774933945824,38.3672807317521,0.465437788018433,0.870967741935484,217
"UMass-AR6_fourier_d1_pooled","33",1.06835722685961,26.7883771275829,1.04742555834217,37.4045787917431,0.497695852534562,0.875576036866359,217
"UMass-AR6_fourier_d1_pooled","34",1.03528408035381,135.8391499567,1.07032639817867,196.76906201059,0.313364055299539,0.778801843317972,217
"UMass-AR6_fourier_d1_pooled","35",1.05176351085466,30.7196054955808,1.07338976605399,46.9813438909069,0.3963133640553,0.857142857142857,217
"UMass-AR6_fourier_d1_pooled","36",0.9678642955657,194.514005095902,0.96903571834149,275.337824378297,0.308755760368664,0.769585253456221,217
"UMass-AR6_fourier_d1_pooled","37",1.03363642010224,162.567178024879,1.03646050829629,221.972832012564,0.3963133640553,0.769585253456221,217
"UMass-AR6_fourier_d1_pooled","38",0.930546482747667,9.07649628444911,0.941127892791956,13.0736001888673,0.63594470046083,0.949308755760369,217
"UMass-AR6_fourier_d1_pooled","39",0.874663533528053,201.850326789261,0.903900871349829,307.455635531362,0.359447004608295,0.820276497695853,217
"UMass-AR6_fourier_d1_pooled","40",0.989941913150878,73.4234560089558,1.00721722836329,103.223175803827,0.391705069124424,0.884792626728111,217
"UMass-AR6_fourier_d1_pooled","41",1.10388548833225,56.0343313583915,1.10419514217901,75.7403916428184,0.543778801843318,0.834101382488479,217
"UMass-AR6_fourier_d1_pooled","42",0.977286432167463,240.403174766087,0.996018985419113,344.780994051801,0.400921658986175,0.820276497695853,217
"UMass-AR6_fourier_d1_pooled","44",0.885242485293928,12.6168625465013,0.953631991227184,19.1933961752867,0.47926267281106,0.912442396313364,217
"UMass-AR6_fourier_d1_pooled","45",1.02003253909814,100.073378837617,1.02028319535735,134.905093523008,0.382488479262673,0.737327188940092,217
"UMass-AR6_fourier_d1_pooled","46",1.02337720104671,14.10447237684,1.07843753826812,21.6844673164694,0.456221198156682,0.930875576036866,217
"UMass-AR6_fourier_d1_pooled","47",1.09499539826016,96.2400726239588,1.12324450353172,138.495938409485,0.414746543778802,0.847926267281106,217
"UMass-AR6_fourier_d1_pooled","48",1.02393716860157,319.624330860756,0.991796998395872,425.038048816981,0.43778801843318,0.728110599078341,217
"UMass-AR6_fourier_d1_pooled","49",0.981974323931813,23.3204029831211,1.07136498101009,33.3113138733651,0.511520737327189,0.875576036866359,217
"UMass-AR6_fourier_d1_pooled","50",0.938768272428401,7.69410498487718,1.0005415478671,12.0434434029963,0.456221198156682,0.926267281105991,217
"UMass-AR6_fourier_d1_pooled","51",1.1026187398057,103.995879089017,1.12744408439313,146.319341984998,0.405529953917051,0.792626728110599,217
"UMass-AR6_fourier_d1_pooled","53",1.15119225593343,52.7350735706112,1.19542843927104,77.8248849238395,0.488479262672811,0.912442396313364,217
"UMass-AR6_fourier_d1_pooled","54",1.12953625341454,45.445476301099,1.1789753437186,69.64775743974,0.377880184331797,0.857142857142857,217
"UMass-AR6_fourier_d1_pooled","55",1.06191627267378,67.3746622940995,1.09226211003106,98.1866419038442,0.377880184331797,0.834101382488479,217
"UMass-AR6_fourier_d1_pooled","56",1.20169491192015,13.8243201235454,1.21694440156777,20.4486202239821,0.465437788018433,0.907834101382488,217
"UMass-AR6_fourier_pooled_both","01",0.885012297295225,52.474782195299,0.899164383372477,76.5997626860196,0.460829493087558,0.880184331797235,217
"UMass-AR6_fourier_pooled_both","02",1.11234147633564,6.54840251728233,1.08954315604395,9.46332534263229,0.341013824884793,0.806451612903226,217
"UMass-AR6_fourier_pooled_both","04",0.926280535720968,162.558335240919,0.915185187210817,222.575640913915,0.465437788018433,0.829493087557604,217
"UMass-AR6_fourier_pooled_both","05",0.81854891017697,40.698728332191,0.852301159075534,58.9762679441062,0.414746543778802,0.847926267281106,217
"UMass-AR6_fourier_pooled_both","06",0.880765274453218,243.765514648643,0.922363986752467,362.125357678683,0.608294930875576,0.930875576036866,217
"UMass-AR6_fourier_pooled_both","08",0.873752764205631,47.9962077049429,0.871123213965573,68.3693360915092,0.529953917050691,0.898617511520737,217
"UMass-AR6_fourier_pooled_both","09",0.821753082847062,30.0660782533106,0.825146755104451,46.5678893692786,0.483870967741935,0.935483870967742,217
"UMass-AR6_fourier_pooled_both","10",1.00082311353359,14.1277071940841,0.974418550609454,19.0552140898947,0.428571428571429,0.792626728110599,217
"UMass-AR6_fourier_pooled_both","11",0.957761407406576,17.9427592749128,0.941825099717793,23.7278647979715,0.23963133640553,0.654377880184332,217
"UMass-AR6_fourier_pooled_both","12",0.828871507689628,192.812056874142,0.865728819049972,292.49216431182,0.580645161290323,0.95852534562212,217
"UMass-AR6_fourier_pooled_both","13",0.806696266325501,104.256260150063,0.844799520505759,145.629078293097,0.47926267281106,0.847926267281106,217
"UMass-AR6_fourier_pooled_both","15",1.0108003066843,9.89783933031742,1.05228582090865,14.6447479805325,0.308755760368664,0.778801843317972,217
"UMass-AR6_fourier_pooled_both","16",0.998594255793717,25.6509027246734,1.02581253851892,37.5661882586342,0.327188940092166,0.792626728110599,217
"UMass-AR6_fourier_pooled_both","17",0.939684975648231,119.958083159955,0.974848477366199,167.653447950732,0.557603686635945,0.903225806451613,217
"UMass-AR6_fourier_pooled_both","18",0.947723375288528,107.648935727231,0.966705814268745,156.269014961327,0.465437788018433,0.884792626728111,217
"UMass-AR6_fourier_pooled_both","19",0.837454301673016,27.5899383993235,0.843380169008269,42.3590832269969,0.47926267281106,0.889400921658986,217
"UMass-AR6_fourier_pooled_both","20",0.922873002415791,33.7456851772975,0.910110811727026,47.1979364383104,0.470046082949309,0.838709677419355,217
"UMass-AR6_fourier_pooled_both","21",0.963924105945314,76.1036232226807,0.942848389057116,102.044521823646,0.465437788018433,0.875576036866359,217
"UMass-AR6_fourier_pooled_both","22",0.907203333342727,48.640911498812,0.918373775172166,72.9489167372467,0.433179723502304,0.898617511520737,217
"UMass-AR6_fourier_pooled_both","23",0.83356858692238,15.1185408005179,0.823645216296978,22.342285249992,0.47926267281106,0.880184331797235,217
"UMass-AR6_fourier_pooled_both","24",0.873643617039965,61.3679952608165,0.924891153351217,89.7170304065199,0.423963133640553,0.847926267281106,217
"UMass-AR6_fourier_pooled_both","25",0.854388527894748,93.5230969996997,0.895467601046373,140.352616854293,0.481132075471698,0.867924528301887,217
"UMass-AR6_fourier_pooled_both","26",0.846405842226295,106.43041121201,0.856095011550698,163.552752942434,0.47926267281106,0.889400921658986,217
"UMass-AR6_fourier_pooled_both","27",0.945783090411078,63.9963932283219,0.899514728833761,87.041906080229,0.566037735849057,0.900943396226415,217
"UMass-AR6_fourier_pooled_both","28",0.855382712144138,34.3395527891381,0.877985683434205,49.9140439330626,0.511520737327189,0.861751152073733,217
"UMass-AR6_fourier_pooled_both","29",0.906497759906047,101.123409825504,0.932827580978545,143.880534262019,0.36405529953917,0.880184331797235,217
"UMass-AR6_fourier_pooled_both","30",0.86263282532826,16.0193270872208,0.830145676464662,22.4727024875321,0.368663594470046,0.774193548387097,217
"UMass-AR6_fourier_pooled_both","31",0.898344632764293,20.1623573444982,0.898212415988202,29.3412874536872,0.400921658986175,0.884792626728111,217
"UMass-AR6_fourier_pooled_both","32",0.898799528088856,22.2772967670551,0.90053892513886,32.667862156257,0.548387096774194,0.921658986175115,217
"UMass-AR6_fourier_pooled_both","33",0.841081826267409,21.0896448266669,0.802145571134681,28.6459368629583,0.442396313364055,0.774193548387097,217
"UMass-AR6_fourier_pooled_both","34",0.827684752903075,108.603659590757,0.854833734928859,157.157749503669,0.502304147465438,0.847926267281106,217
"UMass-AR6_fourier_pooled_both","35",0.968321120050658,28.2817418865931,0.974270633023127,42.6415133290677,0.447004608294931,0.847926267281106,217
"UMass-AR6_fourier_pooled_both","36",0.850949628709379,171.031999100753,0.898549125122571,255.32981385179,0.539170506912442,0.935483870967742,217
"UMass-AR6_fourier_pooled_both","37",0.848723694436744,133.490188229314,0.868985092125921,186.117173320743,0.511520737327189,0.811059907834101,217
"UMass-AR6_fourier_pooled_both","38",0.766559301068019,7.47740266185344,0.784972693270553,10.9057116895057,0.43778801843318,0.847926267281106,217
"UMass-AR6_fourier_pooled_both","39",0.791860118621806,182.743212603282,0.778896437287005,264.939611405409,0.423963133640553,0.866359447004608,217
"UMass-AR6_fourier_pooled_both","40",0.837449305503307,62.1153134432251,0.865847090292969,88.7387509048589,0.506912442396313,0.903225806451613,217
"UMass-AR6_fourier_pooled_both","41",0.945876130820036,48.0116436484557,0.961500377015722,65.9469818390329,0.56221198156682,0.880184331797235,217
"UMass-AR6_fourier_pooled_both","42",0.853257691355888,209.900294817627,0.872828832036501,302.145427582889,0.539170506912442,0.884792626728111,217
"UMass-AR6_fourier_pooled_both","44",0.836960308124135,11.9279427696839,0.831136081173905,16.7276094190316,0.387096774193548,0.792626728110599,217
"UMass-AR6_fourier_pooled_both","45",0.811706062246908,79.6379142583383,0.830481536296616,109.816335857358,0.52073732718894,0.80184331797235,217
"UMass-AR6_fourier_pooled_both","46",0.92743063009717,12.7815532625581,0.930380523858208,18.7070669238966,0.313364055299539,0.751152073732719,217
"UMass-AR6_fourier_pooled_both","47",0.898883819207254,79.0079819776452,0.898487131011367,110.792256486218,0.525345622119816,0.875576036866359,217
"UMass-AR6_fourier_pooled_both","48",0.804468431318757,251.152904174055,0.849430980537364,364.087473011746,0.589861751152074,0.91705069124424,217
"UMass-AR6_fourier_pooled_both","49",0.907377521061576,21.5482090792725,0.933602364633298,29.0277435191164,0.52073732718894,0.847926267281106,217
"UMass-AR6_fourier_pooled_both","50",0.84337081735734,6.91177181763679,0.846935660923504,10.1940825852322,0.387096774193548,0.857142857142857,217
"UMass-AR6_fourier_pooled_both","51",0.884543028648088,83.4312966432344,0.916007818329368,118.888270807005,0.502304147465438,0.852534562211982,217
"UMass-AR6_fourier_pooled_both","53",1.00314174444474,45.9528456072566,1.04556228313563,68.0654089501986,0.612903225806452,0.935483870967742,217
"UMass-AR6_fourier_pooled_both","54",0.926543783631016,37.2765501912607,0.907097019572071,53.5848633573706,0.419354838709677,0.829493087557604,217
"UMass-AR6_fourier_pooled_both","55",0.903353201822335,57.314306545375,0.969222892712677,87.1244913016987,0.465437788018433,0.921658986175115,217
"UMass-AR6_fourier_pooled_both","56",1.01399783420194,11.6648958261492,0.967019114064773,16.2495867165446,0.28110599078341,0.723502304147465,217
"UMass-AR6_pooled","01",0.954791745927941,56.610722187626,0.957685471032638,81.5831148312728,0.410138248847926,0.847926267281106,217
"UMass-AR6_pooled","02",1.09944256714402,6.47294745057497,1.14861025484486,9.97627281580459,0.525345622119816,0.972350230414747,217
"UMass-AR6_pooled","04",0.990839354045163,173.886758699526,0.980742781724518,238.518587487013,0.460829493087558,0.820276497695853,217
"UMass-AR6_pooled","05",0.868192953588154,43.1709998601509,0.892526424232056,61.7656544393929,0.391705069124424,0.834101382488479,217
"UMass-AR6_pooled","06",0.900306257953815,249.170508998674,0.9004580519097,353.523598979415,0.451612903225806,0.84331797235023,217
"UMass-AR6_pooled","08",0.929314230853387,51.0468658813201,0.916469166204503,71.9269453205395,0.465437788018433,0.838709677419355,217
"UMass-AR6_pooled","09",0.864243907291748,31.62037245321,0.865229377444605,48.8296704306495,0.447004608294931,0.91705069124424,217
"UMass-AR6_pooled","10",1.01001880441844,14.2579015250729,1.05801251817402,20.6903724746637,0.608294930875576,0.912442396313364,217
"UMass-AR6_pooled","11",0.94945386527296,17.787336052754,0.996724241989376,25.1102311890906,0.387096774193548,0.847926267281106,217
"UMass-AR6_pooled","12",0.862990224456545,200.760728225057,0.867555217503939,293.113866305845,0.400921658986175,0.815668202764977,217
"UMass-AR6_pooled","13",0.861094523521275,111.283718604359,0.873976076331924,150.655580809317,0.400921658986175,0.751152073732719,217
"UMass-AR6_pooled","15",0.914180245790002,8.95354938139399,1.01875790692234,14.1816087999598,0.47926267281106,0.963133640552995,217
"UMass-AR6_pooled","16",1.0388268698889,26.6839196340813,1.08657607370022,39.7906450262628,0.377880184331797,0.861751152073733,217
"UMass-AR6_pooled","17",0.941834078324062,120.229962512976,0.962749893273819,165.568746406653,0.43778801843318,0.857142857142857,217
"UMass-AR6_pooled","18",1.01660190639436,115.470515341463,0.997386583941967,161.226853893246,0.377880184331797,0.829493087557604,217
"UMass-AR6_pooled","19",0.840000835369127,27.6726837515535,0.835301586540972,41.9508030311833,0.470046082949309,0.898617511520737,217
"UMass-AR6_pooled","20",0.951401087512227,34.7871649706641,0.941858739395434,48.8414929717202,0.456221198156682,0.834101382488479,217
"UMass-AR6_pooled","21",1.00561261602511,79.3935466831573,0.997884447868813,107.998076284588,0.451612903225806,0.866359447004608,217
"UMass-AR6_pooled","22",0.936872176287639,50.2301668205933,0.942057353856088,74.8279631653328,0.410138248847926,0.866359447004608,217
"UMass-AR6_pooled","23",0.832715450134251,15.1033569095572,0.859922344125737,23.3258440488338,0.557603686635945,0.921658986175115,217
"UMass-AR6_pooled","24",0.940755009705704,66.0802037531665,0.943316301023539,91.5021220029711,0.345622119815668,0.732718894009217,217
"UMass-AR6_pooled","25",0.919104056384527,100.606192981785,0.917084207672156,143.74193174587,0.344339622641509,0.787735849056604,217
"UMass-AR6_pooled","26",0.906970045020606,114.042711580614,0.885633918930605,169.194494948735,0.387096774193548,0.797235023041475,217
"UMass-AR6_pooled","27",1.07410985155373,72.6791287164907,1.06997770154252,103.534639779615,0.476415094339623,0.863207547169811,217
"UMass-AR6_pooled","28",0.912625157547143,36.6369978350014,0.934343397375588,53.1174073592232,0.516129032258065,0.866359447004608,217
"UMass-AR6_pooled","29",0.96394694496787,107.529305005622,0.962003184050133,148.377001588721,0.299539170506912,0.834101382488479,217
"UMass-AR6_pooled","30",0.844515576541634,15.6831285923483,0.851648913921026,23.0545193179584,0.465437788018433,0.861751152073733,217
"UMass-AR6_pooled","31",0.898120737175687,20.1569667878491,0.908295598544347,29.6698962095621,0.442396313364055,0.912442396313364,217
"UMass-AR6_pooled","32",0.96220143388543,23.8471680670111,0.94988785263691,34.4557959015798,0.516129032258065,0.907834101382488,217
"UMass-AR6_pooled","33",0.953243025448112,23.9017062024861,0.94063109988976,33.5902778389838,0.493087557603687,0.861751152073733,217
"UMass-AR6_pooled","34",0.867743459628385,113.856859634843,0.885178867598385,162.732647694775,0.414746543778802,0.815668202764977,217
"UMass-AR6_pooled","35",1.00195302538649,29.2644034458167,1.01777497400008,44.5464383861579,0.414746543778802,0.852534562211982,217
"UMass-AR6_pooled","36",0.898062515506109,180.494883469857,0.893880962056978,253.99753487354,0.377880184331797,0.820276497695853,217
"UMass-AR6_pooled","37",0.883029290963988,138.883997690812,0.877925131605844,188.029830044848,0.43778801843318,0.755760368663594,217
"UMass-AR6_pooled","38",0.817370110216323,7.97263130521145,0.853459045351611,11.8559109013222,0.617511520737327,0.949308755760369,217
"UMass-AR6_pooled","39",0.747874247418431,172.591821311712,0.768730777896755,261.480741002153,0.382488479262673,0.84331797235023,217
"UMass-AR6_pooled","40",0.903571079709493,67.0181521212298,0.911889837779454,93.4557718125958,0.387096774193548,0.889400921658986,217
"UMass-AR6_pooled","41",1.00998643950139,51.2649607347317,1.00460661509164,68.903496360579,0.52073732718894,0.829493087557604,217
"UMass-AR6_pooled","42",0.849716531973171,209.023622169806,0.854317996255187,295.733156840344,0.391705069124424,0.847926267281106,217
"UMass-AR6_pooled","44",0.805199498752108,11.4756400039821,0.843170272661501,16.9693421489698,0.502304147465438,0.894009216589862,217
"UMass-AR6_pooled","45",0.865024201720642,84.8677236918134,0.852076722890844,112.669915439084,0.497695852534562,0.746543778801843,217
"UMass-AR6_pooled","46",0.904516202416568,12.4652398452237,0.969690739768917,19.4960023353329,0.414746543778802,0.944700460829493,217
"UMass-AR6_pooled","47",0.96848640470613,85.1233612558176,0.965289119575298,119.026027538337,0.483870967741935,0.852534562211982,217
"UMass-AR6_pooled","48",0.933038501700301,291.285121964853,0.886103806909922,379.787731324248,0.442396313364055,0.705069124423963,217
"UMass-AR6_pooled","49",0.928367012108809,22.0467880671478,0.973448736099092,30.2665591334458,0.557603686635945,0.852534562211982,217
"UMass-AR6_pooled","50",0.825371587712887,6.76420079201767,0.873902592264731,10.5181837138528,0.47926267281106,0.935483870967742,217
"UMass-AR6_pooled","51",0.934067996180329,88.1007041371263,0.946043674619769,122.784429677759,0.423963133640553,0.806451612903226,217
"UMass-AR6_pooled","53",1.04414122031233,47.830339495374,1.07728152967561,70.131278302845,0.543778801843318,0.907834101382488,217
"UMass-AR6_pooled","54",0.927221909166371,37.3049031871793,0.936968535902798,55.3514121093897,0.470046082949309,0.866359447004608,217
"UMass-AR6_pooled","55",0.928835606756182,58.9288413354581,0.956517939131209,85.9802404797312,0.3963133640553,0.870967741935484,217
"UMass-AR6_pooled","56",1.04197516196778,11.9873468673847,1.06561035456521,17.9062071330338,0.488479262672811,0.91705069124424,217
"UMass-AR6_pooled_both","01",0.908902876891422,53.8911484568188,0.925888289228622,78.87626787633,0.460829493087558,0.880184331797235,217
"UMass-AR6_pooled_both","02",1.11662417074377,6.573611669018,1.11222347105712,9.66027802229412,0.345622119815668,0.815668202764977,217
"UMass-AR6_pooled_both","04",0.981075999654189,172.171976716021,0.969343286633744,235.742790608268,0.465437788018433,0.824884792626728,217
"UMass-AR6_pooled_both","05",0.853776056379294,42.4488065905446,0.886126410581966,61.315220570797,0.410138248847926,0.838709677419355,217
"UMass-AR6_pooled_both","06",0.863820404632826,239.07782989137,0.909456695205311,357.059061388509,0.589861751152074,0.935483870967742,217
"UMass-AR6_pooled_both","08",0.901758195788057,49.5343133643769,0.903705119883673,70.9262567153567,0.534562211981567,0.884792626728111,217
"UMass-AR6_pooled_both","09",0.849248712413095,31.0713020159084,0.851391771189941,48.0480866796762,0.470046082949309,0.935483870967742,217
"UMass-AR6_pooled_both","10",1.03972814861962,14.6768703762382,1.01203176182809,19.7907415786935,0.423963133640553,0.783410138248848,217
"UMass-AR6_pooled_both","11",0.97528433371314,18.2709854583324,0.960028488944249,24.1863860479188,0.244239631336406,0.640552995391705,217
"UMass-AR6_pooled_both","12",0.830257751204133,193.135019897113,0.871986998242844,294.605971426648,0.571428571428571,0.949308755760369,217
"UMass-AR6_pooled_both","13",0.822938709638864,106.355040189564,0.858698194990691,148.024542070615,0.474654377880184,0.852534562211982,217
"UMass-AR6_pooled_both","15",0.967435524495366,9.47368681392009,1.00942742790072,14.0491144510726,0.350230414746544,0.778801843317972,217
"UMass-AR6_pooled_both","16",1.03422011481333,26.5656188831341,1.05484733761081,38.6289489974533,0.32258064516129,0.797235023041475,217
"UMass-AR6_pooled_both","17",0.924836131052094,118.062961933847,0.968535050205195,166.567890143221,0.56221198156682,0.921658986175115,217
"UMass-AR6_pooled_both","18",0.985104998170999,111.894486022982,1.00348574880374,162.213833329853,0.43778801843318,0.875576036866359,217
"UMass-AR6_pooled_both","19",0.855259233420655,28.176437837999,0.866342084883973,43.5121214925416,0.470046082949309,0.898617511520737,217
"UMass-AR6_pooled_both","20",0.944311176433472,34.5294321618217,0.937362924034675,48.610888324738,0.460829493087558,0.847926267281106,217
"UMass-AR6_pooled_both","21",0.990313877188144,78.1869488305401,0.980061976473429,106.071873149744,0.470046082949309,0.880184331797235,217
"UMass-AR6_pooled_both","22",0.917847970114585,49.2115560544916,0.928396981537449,73.7451616686264,0.428571428571429,0.889400921658986,217
"UMass-AR6_pooled_both","23",0.843155458533108,15.2923917635649,0.845222375585391,22.927420409929,0.470046082949309,0.894009216589862,217
"UMass-AR6_pooled_both","24",0.890154211045833,62.5276481346966,0.945004887104401,91.6680125212262,0.428571428571429,0.838709677419355,217
"UMass-AR6_pooled_both","25",0.883883324130471,96.7515258989892,0.925982497846372,145.135224035347,0.471698113207547,0.863207547169811,217
"UMass-AR6_pooled_both","26",0.87672108764713,110.241764222076,0.889741779431509,169.980166932919,0.465437788018433,0.880184331797235,217
"UMass-AR6_pooled_both","27",1.06799205332886,72.264912232201,1.02455406297551,99.1399139580463,0.556603773584906,0.882075471698113,217
"UMass-AR6_pooled_both","28",0.873841702839193,35.080505546946,0.896862952678383,50.9871809778456,0.506912442396313,0.866359447004608,217
"UMass-AR6_pooled_both","29",0.922397854350676,102.897041067597,0.947198228297227,146.097053471285,0.36405529953917,0.866359447004608,217
"UMass-AR6_pooled_both","30",0.876358059940034,16.2741926231331,0.844774858972009,22.8687450959617,0.359447004608295,0.769585253456221,217
"UMass-AR6_pooled_both","31",0.917608238187458,20.5946355018256,0.918882103030774,30.0163508528405,0.387096774193548,0.880184331797235,217
"UMass-AR6_pooled_both","32",0.935347364264711,23.1824643135275,0.930862000278938,33.7669174747049,0.548387096774194,0.921658986175115,217
"UMass-AR6_pooled_both","33",0.876083741053165,21.9672451920181,0.837357999034874,29.9033765616224,0.419354838709677,0.774193548387097,217
"UMass-AR6_pooled_both","34",0.84094670755972,110.34359754594,0.870620835291487,160.059146069058,0.506912442396313,0.847926267281106,217
"UMass-AR6_pooled_both","35",0.98988751738606,28.9115100233754,0.993252793546713,43.472191039907,0.460829493087558,0.838709677419355,217
"UMass-AR6_pooled_both","36",0.864309123575363,173.716378652296,0.891587690174228,253.352785107417,0.534562211981567,0.921658986175115,217
"UMass-AR6_pooled_both","37",0.852310974600823,134.054386031142,0.876169158304663,187.655248156103,0.483870967741935,0.806451612903226,217
"UMass-AR6_pooled_both","38",0.80451634201025,7.84751222175844,0.819657529294092,11.3873414613806,0.442396313364055,0.838709677419355,217
"UMass-AR6_pooled_both","39",0.793728284875275,183.17447571798,0.790663771285942,268.942360317762,0.423963133640553,0.852534562211982,217
"UMass-AR6_pooled_both","40",0.873502597645053,64.7888757417315,0.900290182530873,92.2680172518223,0.470046082949309,0.907834101382488,217
"UMass-AR6_pooled_both","41",0.971120856468158,49.2927539581293,0.986248929846342,67.6441512635268,0.56221198156682,0.870967741935484,217
"UMass-AR6_pooled_both","42",0.844288532447441,207.694319734045,0.877680262929765,303.825645254895,0.516129032258065,0.880184331797235,217
"UMass-AR6_pooled_both","44",0.837297344870345,11.9327412569475,0.836959714592827,16.8447563765636,0.377880184331797,0.788018433179724,217
"UMass-AR6_pooled_both","45",0.820771977949057,80.527277773323,0.844614212261046,111.684928858301,0.529953917050691,0.792626728110599,217
"UMass-AR6_pooled_both","46",0.963647731578566,13.2804467235258,0.963059845117931,19.3637635315913,0.308755760368664,0.751152073732719,217
"UMass-AR6_pooled_both","47",0.927457801482123,81.5190881157101,0.927479679318065,114.366583899991,0.52073732718894,0.880184331797235,217
"UMass-AR6_pooled_both","48",0.841274602978374,262.638215928674,0.885938159805586,379.725737448142,0.589861751152074,0.889400921658986,217
"UMass-AR6_pooled_both","49",0.935143580038191,22.2074256827845,0.963616219070904,29.9605715246398,0.525345622119816,0.84331797235023,217
"UMass-AR6_pooled_both","50",0.860303854925687,7.05051371814148,0.867453918588641,10.4410386138117,0.387096774193548,0.838709677419355,217
"UMass-AR6_pooled_both","51",0.895900281917852,84.5025240875567,0.931510655246538,120.901020987038,0.483870967741935,0.84331797235023,217
"UMass-AR6_pooled_both","53",1.03201128370891,47.2747816370204,1.08050683634223,70.339086955891,0.599078341013825,0.940092165898618,217
"UMass-AR6_pooled_both","54",0.962405163012566,38.7189150263001,0.943749538845784,55.7495174733701,0.405529953917051,0.820276497695853,217
"UMass-AR6_pooled_both","55",0.914233750327203,58.0045215140398,0.985348289783176,88.5741006671498,0.465437788018433,0.91705069124424,217
"UMass-AR6_pooled_both","56",1.04039151080516,11.9684822696219,0.992998830808715,16.6861053671018,0.304147465437788,0.723502304147465,217
"UMass-AR6_pooled_fourier","01",0.924204336942052,54.7975290277276,0.921519325274106,78.5029824423835,0.423963133640553,0.84331797235023,217
"UMass-AR6_pooled_fourier","02",1.08118239041988,6.36547144534908,1.12889554483162,9.8050795875164,0.534562211981567,0.963133640552995,217
"UMass-AR6_pooled_fourier","04",0.937467858017414,164.523388161814,0.929803117581703,226.134584443285,0.470046082949309,0.820276497695853,217
"UMass-AR6_pooled_fourier","05",0.840054816518237,41.7728860189887,0.865474072176263,59.8945007985455,0.400921658986175,0.838709677419355,217
"UMass-AR6_pooled_fourier","06",0.914366306292991,253.060228659191,0.902244352730859,354.224746938411,0.460829493087558,0.84331797235023,217
"UMass-AR6_pooled_fourier","08",0.897776640741988,49.3148236363798,0.881335849997892,69.1699336253136,0.474654377880184,0.834101382488479,217
"UMass-AR6_pooled_fourier","09",0.835103214789047,30.5551251208445,0.838778964507422,47.3386977907811,0.47926267281106,0.921658986175115,217
"UMass-AR6_pooled_fourier","10",0.967211697356411,13.6536685513741,0.996149707710112,19.4805965582774,0.589861751152074,0.894009216589862,217
"UMass-AR6_pooled_fourier","11",0.929398880435735,17.4117047030052,0.967433598403644,24.3725539071327,0.377880184331797,0.84331797235023,217
"UMass-AR6_pooled_fourier","12",0.853814593862628,198.624198391287,0.854687859535274,288.766490676581,0.414746543778802,0.824884792626728,217
"UMass-AR6_pooled_fourier","13",0.840516131629142,108.62461449886,0.850839848494318,146.667998956289,0.419354838709677,0.746543778801843,217
"UMass-AR6_pooled_fourier","15",0.956367221137446,9.36605072752252,1.0684004526782,14.8713978029169,0.451612903225806,0.949308755760369,217
"UMass-AR6_pooled_fourier","16",0.995908433079965,25.582129351193,1.04775703859229,38.3700499465332,0.391705069124424,0.866359447004608,217
"UMass-AR6_pooled_fourier","17",0.946486124935574,120.823647114851,0.958836343490511,164.895633960482,0.470046082949309,0.861751152073733,217
"UMass-AR6_pooled_fourier","18",0.968631895751688,110.022259265068,0.952868872235112,154.031015614208,0.3963133640553,0.838709677419355,217
"UMass-AR6_pooled_fourier","19",0.827755486018768,27.2693752061496,0.822599578186206,41.3133122390777,0.483870967741935,0.889400921658986,217
"UMass-AR6_pooled_fourier","20",0.930992248372762,34.0412236173651,0.90980293374543,47.1798527414529,0.465437788018433,0.834101382488479,217
"UMass-AR6_pooled_fourier","21",0.977231079712618,77.1531306071293,0.956367210669873,103.505465652168,0.456221198156682,0.875576036866359,217
"UMass-AR6_pooled_fourier","22",0.926377659869193,49.667566495046,0.929115498850673,73.8000313515288,0.3963133640553,0.847926267281106,217
"UMass-AR6_pooled_fourier","23",0.823567283211499,14.9375170299987,0.838478952335775,22.7443316274447,0.576036866359447,0.921658986175115,217
"UMass-AR6_pooled_fourier","24",0.914901620651971,64.2642862799087,0.915553469133472,88.8092968665642,0.354838709677419,0.76036866359447,217
"UMass-AR6_pooled_fourier","25",0.880476147936254,96.3780329819161,0.877848739470776,137.592393169588,0.358490566037736,0.787735849056604,217
"UMass-AR6_pooled_fourier","26",0.865275042799459,108.800790731431,0.84620434192143,161.663274845086,0.410138248847926,0.829493087557604,217
"UMass-AR6_pooled_fourier","27",0.923491224872142,62.4884116762884,0.907268837465454,87.7917562704171,0.485849056603774,0.867924528301887,217
"UMass-AR6_pooled_fourier","28",0.888716773689519,35.6773858956971,0.907624669464736,51.5987724576813,0.516129032258065,0.861751152073733,217
"UMass-AR6_pooled_fourier","29",0.946445836674222,105.577116062237,0.943036416259632,145.451533101054,0.299539170506912,0.838709677419355,217
"UMass-AR6_pooled_fourier","30",0.837328572989654,15.5497093180131,0.83904910374429,22.7135785251409,0.456221198156682,0.838709677419355,217
"UMass-AR6_pooled_fourier","31",0.881081082849995,19.7746695044568,0.887973263457362,29.0062441332835,0.447004608294931,0.884792626728111,217
"UMass-AR6_pooled_fourier","32",0.922030736441991,22.8523889928852,0.922813166719493,33.4748639344948,0.502304147465438,0.912442396313364,217
"UMass-AR6_pooled_fourier","33",0.894816865051774,22.4368377930225,0.882648237754279,31.5199273734115,0.506912442396313,0.834101382488479,217
"UMass-AR6_pooled_fourier","34",0.844288638131219,110.780002328948,0.856082752290402,157.385051572255,0.423963133640553,0.815668202764977,217
"UMass-AR6_pooled_fourier","35",0.978573810410982,28.5817230237098,0.994642401610403,43.5339284764211,0.428571428571429,0.861751152073733,217
"UMass-AR6_pooled_fourier","36",0.873197318687535,175.497165189424,0.877936659376711,249.465887022257,0.350230414746544,0.806451612903226,217
"UMass-AR6_pooled_fourier","37",0.874851580935302,137.597906280575,0.865786272403247,185.430232085849,0.451612903225806,0.764976958525346,217
"UMass-AR6_pooled_fourier","38",0.79516540589866,7.75617305410029,0.81640265493607,11.3414035488086,0.612903225806452,0.953917050691244,217
"UMass-AR6_pooled_fourier","39",0.758361870272767,175.011201717094,0.768358834098901,261.353208915408,0.359447004608295,0.847926267281106,217
"UMass-AR6_pooled_fourier","40",0.869464233125377,64.4891475442053,0.876826685300219,89.8633961349738,0.442396313364055,0.898617511520737,217
"UMass-AR6_pooled_fourier","41",0.978711266239113,49.6778262436393,0.971642284786895,66.6433299312029,0.493087557603687,0.857142857142857,217
"UMass-AR6_pooled_fourier","42",0.852909066917354,209.808475055066,0.849731183203225,294.144025415272,0.3963133640553,0.838709677419355,217
"UMass-AR6_pooled_fourier","44",0.81803164537158,11.6585195098458,0.847492053074395,17.0564674247276,0.516129032258065,0.884792626728111,217
"UMass-AR6_pooled_fourier","45",0.848178633520203,83.2152226217577,0.834987957728481,110.410818972564,0.47926267281106,0.755760368663594,217
"UMass-AR6_pooled_fourier","46",0.879578974615967,12.1218600719863,0.938452421427843,18.8684613008899,0.428571428571429,0.944700460829493,217
"UMass-AR6_pooled_fourier","47",0.93453778074539,82.1398544713907,0.924751344927273,114.028183502783,0.511520737327189,0.852534562211982,217
"UMass-AR6_pooled_fourier","48",0.863770768016677,269.666352438582,0.833112257642112,357.080980719749,0.442396313364055,0.71889400921659,217
"UMass-AR6_pooled_fourier","49",0.898274769914815,21.3323724523815,0.93623503939471,29.1099328462167,0.552995391705069,0.857142857142857,217
"UMass-AR6_pooled_fourier","50",0.830219795992358,6.80394576050363,0.867030744359745,10.4355312003882,0.460829493087558,0.935483870967742,217
"UMass-AR6_pooled_fourier","51",0.914098993086441,86.2174194821251,0.923792916023148,119.896930143809,0.433179723502304,0.824884792626728,217
"UMass-AR6_pooled_fourier","53",1.01022690019025,46.2775543802455,1.03176063364964,67.1692391808478,0.539170506912442,0.907834101382488,217
"UMass-AR6_pooled_fourier","54",0.895374249780095,36.0243052975382,0.900407299083337,53.1925723518556,0.497695852534562,0.866359447004608,217
"UMass-AR6_pooled_fourier","55",0.907062626305295,57.5476864788705,0.926851720626613,83.313893196392,0.410138248847926,0.861751152073733,217
"UMass-AR6_pooled_fourier","56",0.997174394607131,11.4720713323366,1.01923379643344,17.1271135580289,0.488479262672811,0.91705069124424,217
"UMass-AR6_pooled_sigma","01",0.963311142256492,57.115974631541,0.961654979380526,81.9215818960818,0.410138248847926,0.889400921658986,217
"UMass-AR6_pooled_sigma","02",1.12880693288827,6.64533764083865,1.05018646952218,9.12184532676753,0.382488479262673,0.732718894009217,217
"UMass-AR6_pooled_sigma","04",1.01762926761228,178.592525161886,1.02067612248125,248.235754299117,0.465437788018433,0.861751152073733,217
"UMass-AR6_pooled_sigma","05",0.869707059511998,43.2414358415765,0.898501191697353,62.1724136313456,0.428571428571429,0.838709677419355,217
"UMass-AR6_pooled_sigma","06",0.848594207571957,234.871358372259,0.907069040873071,356.126176100752,0.626728110599078,0.972350230414747,217
"UMass-AR6_pooled_sigma","08",0.919873509113271,50.5283605722916,0.941319102833901,73.8737508629698,0.548387096774194,0.926267281105991,217
"UMass-AR6_pooled_sigma","09",0.882213503830238,32.27695801101,0.886768882888845,50.0435399511287,0.493087557603687,0.930875576036866,217
"UMass-AR6_pooled_sigma","10",1.09110526238367,15.4023637181773,1.06363403058696,20.8003950480604,0.368663594470046,0.741935483870968,217
"UMass-AR6_pooled_sigma","11",1.01407100627613,18.9991102944908,0.987108721555877,24.871232703124,0.211981566820276,0.612903225806452,217
"UMass-AR6_pooled_sigma","12",0.747290416145502,173.827980635284,0.78642742817964,265.689708732602,0.608294930875576,0.963133640552995,217
"UMass-AR6_pooled_sigma","13",0.906844942838457,117.194857087581,0.973720564998514,167.843617110405,0.474654377880184,0.820276497695853,217
"UMass-AR6_pooled_sigma","15",1.08306235077414,10.6006313171309,1.02117906117868,14.2057899760956,0.304147465437788,0.741935483870968,217
"UMass-AR6_pooled_sigma","16",1.07675480141128,27.6633009897811,1.08915214732518,39.8924130117485,0.354838709677419,0.769585253456221,217
"UMass-AR6_pooled_sigma","17",0.915981455174298,116.930812364356,0.989537664918534,170.174346336383,0.599078341013825,0.940092165898618,217
"UMass-AR6_pooled_sigma","18",0.988182317628219,112.242647549197,1.04794608056404,169.395416341997,0.548387096774194,0.907834101382488,217
"UMass-AR6_pooled_sigma","19",0.856190297641567,28.2054862130385,0.880144568022264,44.2011437402444,0.493087557603687,0.912442396313364,217
"UMass-AR6_pooled_sigma","20",0.938780868613178,34.3253950554319,0.959790355567775,49.7705229510889,0.460829493087558,0.861751152073733,217
"UMass-AR6_pooled_sigma","21",0.99846940370535,78.8293978787475,1.00555935568879,108.827595321373,0.497695852534562,0.875576036866359,217
"UMass-AR6_pooled_sigma","22",0.954343170458423,51.1674038607286,0.945527612313897,75.104748739008,0.3963133640553,0.857142857142857,217
"UMass-AR6_pooled_sigma","23",0.883286478838186,16.0204834946077,0.860431248146499,23.3406590271081,0.460829493087558,0.875576036866359,217
"UMass-AR6_pooled_sigma","24",0.938426968060134,65.9168551544089,1.02978842273303,99.8879267210273,0.405529953917051,0.829493087557604,217
"UMass-AR6_pooled_sigma","25",0.876344671824893,95.9271342542151,0.953745951814755,149.491847852125,0.485849056603774,0.94811320754717,217
"UMass-AR6_pooled_sigma","26",0.903755065400719,113.648278064779,0.935984758204832,178.823584158682,0.483870967741935,0.930875576036866,217
"UMass-AR6_pooled_sigma","27",1.42423629221642,96.3672371468228,1.37354622225814,132.905806458882,0.60377358490566,0.89622641509434,217
"UMass-AR6_pooled_sigma","28",0.914024099289514,36.6944410420029,0.918568237622839,52.2232106838568,0.465437788018433,0.852534562211982,217
"UMass-AR6_pooled_sigma","29",0.938592709684342,104.700927520479,1.0074321297238,155.379167479148,0.428571428571429,0.898617511520737,217
"UMass-AR6_pooled_sigma","30",0.904704104012417,16.8004767192761,0.872031935145084,23.606683963087,0.377880184331797,0.751152073732719,217
"UMass-AR6_pooled_sigma","31",0.948573456901424,21.2892774314468,0.949989831980878,31.0319188949685,0.414746543778802,0.889400921658986,217
"UMass-AR6_pooled_sigma","32",0.974178336608217,24.1428356872565,0.995102011105802,36.0937457500923,0.571428571428571,0.926267281105991,217
"UMass-AR6_pooled_sigma","33",1.0525117944995,26.3909604645143,1.00755492987052,35.9812487824291,0.423963133640553,0.778801843317972,217
"UMass-AR6_pooled_sigma","34",0.899220264502518,117.986186692697,0.949151583415954,174.487191871131,0.52073732718894,0.857142857142857,217
"UMass-AR6_pooled_sigma","35",1.02205227229757,29.8514888573552,1.04025208478267,45.5298955484782,0.433179723502304,0.866359447004608,217
"UMass-AR6_pooled_sigma","36",0.904373438321474,181.748491971311,1.00082527541542,284.337820683929,0.585253456221198,0.967741935483871,217
"UMass-AR6_pooled_sigma","37",0.903988565776135,142.183212766982,0.95059768061273,203.597763125625,0.474654377880184,0.788018433179724,217
"UMass-AR6_pooled_sigma","38",0.818412750381682,7.98340381434474,0.823765481865849,11.444804661838,0.382488479262673,0.829493087557604,217
"UMass-AR6_pooled_sigma","39",0.850056651456693,196.170159078345,0.848207186835806,288.505870341211,0.414746543778802,0.857142857142857,217
"UMass-AR6_pooled_sigma","40",0.885183814629006,65.6543233247372,0.931550841323959,95.4691617918376,0.423963133640553,0.912442396313364,217
"UMass-AR6_pooled_sigma","41",1.0702661323575,54.3349379133647,1.07744082330835,73.9175813362405,0.543778801843318,0.880184331797235,217
"UMass-AR6_pooled_sigma","42",0.859093129052693,211.337894320508,0.913587980914889,316.251304427721,0.566820276497696,0.91705069124424,217
"UMass-AR6_pooled_sigma","44",0.891084271254253,12.6992704006448,0.881548525982984,17.7423084068275,0.299539170506912,0.755760368663594,217
"UMass-AR6_pooled_sigma","45",0.928690492686688,91.115479214127,0.9423576418532,124.612262757609,0.516129032258065,0.76036866359447,217
"UMass-AR6_pooled_sigma","46",1.01176722422995,13.9474265119049,0.974435274601369,19.5976699356878,0.285714285714286,0.714285714285714,217
"UMass-AR6_pooled_sigma","47",0.981151301101179,86.2373775001547,0.999147012352275,123.201509200645,0.456221198156682,0.880184331797235,217
"UMass-AR6_pooled_sigma","48",0.805561305984906,251.465654097617,0.913618945331485,391.542455746344,0.548387096774194,0.930875576036866,217
"UMass-AR6_pooled_sigma","49",1.02305885636254,24.294829880254,1.06813679226881,33.2095102008645,0.525345622119816,0.857142857142857,217
"UMass-AR6_pooled_sigma","50",0.963718883116487,7.89827396001303,0.937000902614639,11.2786282278087,0.317972350230415,0.788018433179724,217
"UMass-AR6_pooled_sigma","51",0.994732078741568,93.8265389994434,1.04503339901842,135.644286821065,0.410138248847926,0.815668202764977,217
"UMass-AR6_pooled_sigma","53",1.03722905176866,47.5201319687546,1.07449649119197,69.9612771966796,0.645161290322581,0.949308755760369,217
"UMass-AR6_pooled_sigma","54",1.07940850566711,43.4193232477316,1.06061205632464,62.6426345428382,0.391705069124424,0.811059907834101,217
"UMass-AR6_pooled_sigma","55",0.832436787933881,52.8134474615297,0.903399907890367,81.2022218497368,0.552995391705069,0.940092165898618,217
"UMass-AR6_pooled_sigma","56",0.994071692755411,11.4355160804285,0.920234688627988,15.4636603124864,0.290322580645161,0.705069124423963,217
"UMass-AR6_pooled_xmas","01",11.8931006781813,705.158527470325,10.6712580806185,908.934730995873,0.705069124423963,0.944700460829493,217
"UMass-AR6_pooled_xmas","02",18.3387686051329,107.954691745246,15.8035558321459,137.2385724508,0.737327188940092,0.963133640552995,217
"UMass-AR6_pooled_xmas","04",9.2163958953174,1617.35790070192,8.54649967576007,2078.02604158822,0.695852534562212,0.940092165898618,217
"UMass-AR6_pooled_xmas","05",12.6623728019864,628.965703775137,11.6461825565521,804.994957907427,0.695852534562212,0.940092165898618,217
"UMass-AR6_pooled_xmas","06",16.2733887746752,4503.00612221551,14.7617938676764,5793.44920290658,0.709677419354839,0.935483870967742,217
"UMass-AR6_pooled_xmas","08",11.2016630187862,615.343663429696,10.1282233381239,794.832993259081,0.668202764976959,0.930875576036866,217
"UMass-AR6_pooled_xmas","09",17.4976031114997,639.664895584265,14.6082171945739,823.622455286882,0.709677419354839,0.949308755760369,217
"UMass-AR6_pooled_xmas","10",7.57994654630989,107.013990154932,7.11199140736861,139.083776158005,0.645161290322581,0.926267281105991,217
"UMass-AR6_pooled_xmas","11",5.68425247768925,106.498644079423,5.51163025077781,138.847698112348,0.640552995391705,0.930875576036866,217
"UMass-AR6_pooled_xmas","12",12.5967344580996,2928.98240520929,11.0462744819711,3729.76791390336,0.723502304147465,0.940092165898618,217
"UMass-AR6_pooled_xmas","13",6.97511172811791,901.504794093758,6.73880837426952,1161.47939290427,0.695852534562212,0.935483870967742,217
"UMass-AR6_pooled_xmas","15",8.90235796515457,87.1050971565685,8.22447163174773,114.352158593386,0.67741935483871,0.953917050691244,217
"UMass-AR6_pooled_xmas","16",13.8416068435801,355.464019589884,12.4904463831698,457.232206506897,0.723502304147465,0.949308755760369,217
"UMass-AR6_pooled_xmas","17",13.5074159187147,1724.12059571475,12.9634391761327,2228.81523347242,0.686635944700461,0.926267281105991,217
"UMass-AR6_pooled_xmas","18",11.7830694390589,1338.42356772461,10.7678474465734,1740.46379067394,0.640552995391705,0.930875576036866,217
"UMass-AR6_pooled_xmas","19",15.9620956008789,525.849981784453,13.6028152649814,683.109707931371,0.663594470046083,0.926267281105991,217
"UMass-AR6_pooled_xmas","20",11.5578405301241,422.542309782003,10.4872097429237,543.662014460897,0.67741935483871,0.940092165898618,217
"UMass-AR6_pooled_xmas","21",11.8185847241498,933.133783786991,11.0977602741514,1201.01180769349,0.640552995391705,0.930875576036866,217
"UMass-AR6_pooled_xmas","22",12.0193179525589,644.43891980948,10.5420607124812,837.279247457169,0.700460829493088,0.953917050691244,217
"UMass-AR6_pooled_xmas","23",15.510957363821,281.279019656766,13.3066032530605,360.841872385639,0.700460829493088,0.935483870967742,217
"UMass-AR6_pooled_xmas","24",9.97325309473691,700.602465472083,9.31900133431138,903.903839404119,0.700460829493088,0.930875576036866,217
"UMass-AR6_pooled_xmas","25",11.3643712248184,1243.97072541281,10.287801132964,1612.49357252501,0.660377358490566,0.924528301886792,217
"UMass-AR6_pooled_xmas","26",12.6500259861085,1590.66367630677,10.7915888753975,2061.42406292898,0.663594470046083,0.930875576036866,217
"UMass-AR6_pooled_xmas","27",9.90445650880583,670.145317937235,9.00675096498524,871.462767656777,0.683962264150943,0.933962264150943,217
"UMass-AR6_pooled_xmas","28",13.8332944640216,555.345353362126,12.295437612714,698.937604850161,0.764976958525346,0.953917050691244,217
"UMass-AR6_pooled_xmas","29",12.0572492771782,1344.99747397371,11.1360018524203,1717.35148869654,0.691244239631336,0.940092165898618,217
"UMass-AR6_pooled_xmas","30",9.48733490195003,176.206417003789,8.35574982817553,226.205633066132,0.682027649769585,0.935483870967742,217
"UMass-AR6_pooled_xmas","31",12.4549881988524,279.513915561416,10.9397657852115,357.276248410817,0.682027649769585,0.940092165898618,217
"UMass-AR6_pooled_xmas","32",19.2662497066617,477.308283027033,16.5392067287163,599.586295451567,0.778801843317972,0.963133640552995,217
"UMass-AR6_pooled_xmas","33",7.65405353120542,191.938068232622,6.92066069516991,247.144931002359,0.663594470046083,0.930875576036866,217
"UMass-AR6_pooled_xmas","34",10.4426934176047,1370.17120269641,9.54760944248883,1754.93271854037,0.663594470046083,0.930875576036866,217
"UMass-AR6_pooled_xmas","35",20.9239758966076,611.075975236721,17.7498813494155,776.722348191564,0.746543778801843,0.95852534562212,217
"UMass-AR6_pooled_xmas","36",14.9730033903599,3009.06152389751,13.5490626943382,3849.03133907455,0.691244239631336,0.930875576036866,217
"UMass-AR6_pooled_xmas","37",7.54300803822852,1186.54193662037,7.23612254329576,1549.82156782,0.654377880184332,0.930875576036866,217
"UMass-AR6_pooled_xmas","38",14.3009741712005,139.478822472955,12.6082995928891,175.113583394461,0.76036866359447,0.949308755760369,217
"UMass-AR6_pooled_xmas","39",8.32988114637828,1922.42411975925,7.31748776285539,2488.85426733437,0.658986175115207,0.91705069124424,217
"UMass-AR6_pooled_xmas","40",17.7944053489674,1319.68236502267,16.4168112603834,1682.03295649006,0.764976958525346,0.944700460829493,217
"UMass-AR6_pooled_xmas","41",16.7294904260533,849.111954507653,15.7918119676959,1082.91478263866,0.714285714285714,0.935483870967742,217
"UMass-AR6_pooled_xmas","42",10.183240795071,2505.24337576447,9.34216284018739,3234.01817050308,0.682027649769585,0.926267281105991,217
"UMass-AR6_pooled_xmas","44",7.52070505638059,107.182558434615,6.93368641992273,139.530591346887,0.654377880184332,0.921658986175115,217
"UMass-AR6_pooled_xmas","45",6.70518286421731,657.925929055028,6.43488053960322,850.889863755365,0.67741935483871,0.940092165898618,217
"UMass-AR6_pooled_xmas","46",11.9035989496819,163.995934640783,10.4119120496074,209.254207368794,0.700460829493088,0.944700460829493,217
"UMass-AR6_pooled_xmas","47",11.506580237303,1011.36485495056,10.4862683420619,1292.83322419777,0.700460829493088,0.940092165898618,217
"UMass-AR6_pooled_xmas","48",13.139075974729,4100.45700411234,12.155515683262,5207.35687803303,0.76036866359447,0.949308755760369,217
"UMass-AR6_pooled_xmas","49",7.69751334824734,182.791091852538,7.65183936622789,237.860639414784,0.654377880184332,0.921658986175115,217
"UMass-AR6_pooled_xmas","50",12.3947254613836,101.564295284721,10.8244948533083,130.249711569555,0.67741935483871,0.935483870967742,217
"UMass-AR6_pooled_xmas","51",10.272717357122,968.983443793108,9.49776683335937,1232.6440321242,0.709677419354839,0.949308755760369,217
"UMass-AR6_pooled_xmas","53",26.0076335243573,1191.18708783657,23.323427341288,1517.91763435195,0.728110599078341,0.963133640552995,217
"UMass-AR6_pooled_xmas","54",10.0090306978077,402.605247601875,8.90781809882762,526.044593065064,0.63594470046083,0.921658986175115,217
"UMass-AR6_pooled_xmas","55",14.2735534576115,905.584419240748,12.923020573936,1161.49156713196,0.709677419354839,0.935483870967742,217
"UMass-AR6_pooled_xmas","56",9.02990657465608,103.880155317798,8.05432999190448,135.32857589151,0.649769585253456,0.935483870967742,217
"UMass-AR6_unpooled","01",0.983586219554218,58.3180279240257,0.962801623212347,82.019407068887,0.345622119815668,0.847926267281106,217
"UMass-AR6_unpooled","02",1.05015741650042,6.18250121316443,1.048624891332,9.10827951652615,0.493087557603687,0.884792626728111,217
"UMass-AR6_unpooled","04",1.01938749250446,178.901456851148,1.02264723676136,248.717069979842,0.465437788018433,0.838709677419355,217
"UMass-AR6_unpooled","05",0.868014338529745,43.1584077323085,0.897542845970599,62.1070233838475,0.410138248847926,0.829493087557604,217
"UMass-AR6_unpooled","06",0.912164210126626,252.45465608783,0.926635403013092,363.804372884274,0.483870967741935,0.880184331797235,217
"UMass-AR6_unpooled","08",0.937250749418619,51.4819269617246,0.943817338224344,74.0696594978739,0.488479262672811,0.866359447004608,217
"UMass-AR6_unpooled","09",0.884770798747604,32.3702381513251,0.887716253189684,50.0969076616819,0.493087557603687,0.921658986175115,217
"UMass-AR6_unpooled","10",1.01781238389934,14.3681623951568,1.05745496319668,20.6796854753846,0.511520737327189,0.884792626728111,217
"UMass-AR6_unpooled","11",0.940942328920512,17.6292585141087,0.985363157155207,24.8272915119059,0.327188940092166,0.806451612903226,217
"UMass-AR6_unpooled","12",0.761909322782837,177.236959211935,0.777673541676545,262.733320425035,0.3963133640553,0.857142857142857,217
"UMass-AR6_unpooled","13",0.937761956506198,121.188950414201,0.976243922630296,168.278773044172,0.377880184331797,0.778801843317972,217
"UMass-AR6_unpooled","15",1.02693839934731,10.0511582217817,1.02221261663388,14.2202391188962,0.3963133640553,0.852534562211982,217
"UMass-AR6_unpooled","16",1.06089969311587,27.2559213071173,1.08603453552505,39.7784711936422,0.400921658986175,0.824884792626728,217
"UMass-AR6_unpooled","17",0.934646226640183,119.311582866897,1.00119035824563,172.176468224596,0.456221198156682,0.889400921658986,217
"UMass-AR6_unpooled","18",1.03749867070245,117.843017296941,1.05004081567216,169.734871294843,0.43778801843318,0.84331797235023,217
"UMass-AR6_unpooled","19",0.87190674536218,28.7229610708617,0.876300107643565,44.0079032955006,0.470046082949309,0.903225806451613,217
"UMass-AR6_unpooled","20",0.947322988486363,34.6377575368032,0.956391726283939,49.5942731373477,0.456221198156682,0.852534562211982,217
"UMass-AR6_unpooled","21",1.00895685560538,79.6574562948209,1.00949487123238,109.254154855744,0.470046082949309,0.866359447004608,217
"UMass-AR6_unpooled","22",0.972206251957002,52.1247109092626,0.944393958762429,75.0145342226407,0.36405529953917,0.824884792626728,217
"UMass-AR6_unpooled","23",0.865865613820537,15.7047844601052,0.860100017929758,23.3316770377834,0.56221198156682,0.894009216589862,217
"UMass-AR6_unpooled","24",1.0029929962643,70.4510231703346,1.02777500128886,99.6926600912263,0.341013824884793,0.728110599078341,217
"UMass-AR6_unpooled","25",0.93088725166378,101.89683315298,0.966683766107082,151.519786726012,0.363207547169811,0.834905660377358,217
"UMass-AR6_unpooled","26",0.9415075284488,118.393005511634,0.941936760550629,179.962943310854,0.391705069124424,0.847926267281106,217
"UMass-AR6_unpooled","27",1.40624458764128,95.1504025637725,1.39139641519475,134.632758180225,0.5,0.872641509433962,217
"UMass-AR6_unpooled","28",0.926703060178002,37.2032314680392,0.918860040294136,52.2399946937595,0.43778801843318,0.852534562211982,217
"UMass-AR6_unpooled","29",0.991635360388054,110.615662881603,1.01602982201079,156.704367171091,0.341013824884793,0.838709677419355,217
"UMass-AR6_unpooled","30",0.872201003989879,16.197159703728,0.87244751754657,23.617987932891,0.428571428571429,0.829493087557604,217
"UMass-AR6_unpooled","31",0.950201621867476,21.3259766613105,0.948928811214327,30.9975022096113,0.428571428571429,0.889400921658986,217
"UMass-AR6_unpooled","32",0.998902347745049,24.7552088759744,1.00095183675385,36.3054547733444,0.52073732718894,0.907834101382488,217
"UMass-AR6_unpooled","33",0.96115498745738,24.1005949625915,0.968954089946714,34.6029729417237,0.497695852534562,0.84331797235023,217
"UMass-AR6_unpooled","34",0.921912880974597,120.961656624354,0.957816052631879,176.07992761039,0.447004608294931,0.829493087557604,217
"UMass-AR6_unpooled","35",1.01689000454501,29.7007356352879,1.04239735745399,45.6235730216675,0.419354838709677,0.880184331797235,217
"UMass-AR6_unpooled","36",0.987637424979617,198.470995322217,1.04353067685017,296.467658017504,0.3963133640553,0.806451612903226,217
"UMass-AR6_unpooled","37",0.942191786345156,148.190847915067,0.949861599258931,203.440377902869,0.433179723502304,0.746543778801843,217
"UMass-AR6_unpooled","38",0.787628322595828,7.68313933130913,0.825116404710771,11.4635306586649,0.488479262672811,0.91705069124424,217
"UMass-AR6_unpooled","39",0.824445492014184,190.259610305975,0.851290404001575,289.556046241975,0.350230414746544,0.834101382488479,217
"UMass-AR6_unpooled","40",0.897951401768677,66.6007910355884,0.929210533500557,95.2292131672008,0.410138248847926,0.898617511520737,217
"UMass-AR6_unpooled","41",1.11588852075903,56.6501294116382,1.09098299645239,74.846607790315,0.474654377880184,0.820276497695853,217
"UMass-AR6_unpooled","42",0.877040635083514,215.746417183843,0.914288907318697,316.491795047552,0.423963133640553,0.861751152073733,217
"UMass-AR6_unpooled","44",0.84589439278082,12.0555282556409,0.881618947813949,17.7438810795118,0.400921658986175,0.820276497695853,217
"UMass-AR6_unpooled","45",0.964529490117704,94.6309724186148,0.941106886525309,124.44659677469,0.465437788018433,0.71889400921659,217
"UMass-AR6_unpooled","46",0.939398710961166,12.9497046014061,0.974919055742374,19.6075647594284,0.423963133640553,0.870967741935484,217
"UMass-AR6_unpooled","47",1.00034503527525,87.9233747431331,0.999103567418901,123.196053065613,0.442396313364055,0.861751152073733,217
"UMass-AR6_unpooled","48",0.886882478283689,276.851913687434,0.919857609560406,394.207104293115,0.317972350230415,0.741935483870968,217
"UMass-AR6_unpooled","49",1.03169253379674,24.4998245713671,1.06889730621157,33.2330610972828,0.529953917050691,0.847926267281106,217
"UMass-AR6_unpooled","50",0.915233348652511,7.50103327119494,0.941176895136389,11.328899325722,0.433179723502304,0.907834101382488,217
"UMass-AR6_unpooled","51",1.02797369465759,96.9602947470423,1.04384652651288,135.488976717158,0.327188940092166,0.783410138248848,217
"UMass-AR6_unpooled","53",1.05449774861051,48.3107774165348,1.07178844568219,69.7860683408001,0.580645161290323,0.91705069124424,217
"UMass-AR6_unpooled","54",1.05746522377046,42.5367389084183,1.05753611486425,62.460900220505,0.428571428571429,0.870967741935484,217
"UMass-AR6_unpooled","55",0.861777550139886,54.6733021551121,0.898859826244788,80.7927260313598,0.465437788018433,0.889400921658986,217
"UMass-AR6_unpooled","56",0.929817583946375,10.6966335942675,0.914061098066195,15.3598820280329,0.460829493087558,0.875576036866359,217
"UMass-flusion","01",0.827832081065989,49.0830930613773,0.838574449623378,71.4353793131128,0.419354838709677,0.935483870967742,217
"UMass-flusion","02",1.01292404223599,5.96334293171992,1.05684226635176,9.17908666877146,0.474654377880184,0.95852534562212,217
"UMass-flusion","04",0.869140447699028,152.517209448055,0.859793900825996,209.082205312278,0.460829493087558,0.866359447004608,217
"UMass-flusion","05",0.779150951362901,38.7299672925666,0.837808446605695,57.9574111820707,0.36405529953917,0.861751152073733,217
"UMass-flusion","06",0.841820044914908,232.97068273065,0.871752167905493,342.224634264467,0.497695852534562,0.926267281105991,217
"UMass-flusion","08",0.829727300149455,45.5752448832661,0.831110703845762,65.2247958924062,0.483870967741935,0.907834101382488,217
"UMass-flusion","09",0.825028414967536,30.1790383586253,0.824298524639086,46.509380465798,0.483870967741935,0.940092165898618,217
"UMass-flusion","10",0.906619477273624,12.7981629561302,0.941382034713451,18.4095065579897,0.543778801843318,0.926267281105991,217
"UMass-flusion","11",0.861738195926226,16.1439077599868,0.913427620426641,23.0116964640793,0.341013824884793,0.829493087557604,217
"UMass-flusion","12",0.797946864314895,185.626696614411,0.809470190899767,273.473059446329,0.43778801843318,0.861751152073733,217
"UMass-flusion","13",0.769237390603325,99.411672564144,0.802322563185787,138.299565968,0.410138248847926,0.852534562211982,217
"UMass-flusion","15",0.854499039508703,8.36622528697242,0.936316497519973,13.0294718770662,0.442396313364055,0.953917050691244,217
"UMass-flusion","16",0.881374955917352,22.6380248546471,0.931590316864232,34.1125940319961,0.391705069124424,0.884792626728111,217
"UMass-flusion","17",0.904003790648186,115.401337958114,0.940247864975663,161.694534056451,0.488479262672811,0.875576036866359,217
"UMass-flusion","18",0.892276883435091,101.348999607267,0.887546074730126,143.469828025397,0.465437788018433,0.875576036866359,217
"UMass-flusion","19",0.821085661556733,27.0494869422503,0.808300211737263,40.5954040936699,0.502304147465438,0.907834101382488,217
"UMass-flusion","20",0.868766684166965,31.7651171825782,0.862476198210527,44.7235297068272,0.43778801843318,0.870967741935484,217
"UMass-flusion","21",0.918867117029123,72.5451079360465,0.917276333058968,99.274909864821,0.400921658986175,0.898617511520737,217
"UMass-flusion","22",0.824392541706325,44.1998400727045,0.833712045237345,66.2225001885213,0.391705069124424,0.894009216589862,217
"UMass-flusion","23",0.793686380692853,14.3943118722271,0.798306429742663,21.6526704932529,0.525345622119816,0.91705069124424,217
"UMass-flusion","24",0.811352174590032,56.9911806841164,0.844002023826635,81.868759438645,0.391705069124424,0.84331797235023,217
"UMass-flusion","25",0.800191195112503,87.5900812966355,0.831115271788565,130.268174407145,0.405660377358491,0.863207547169811,217
"UMass-flusion","26",0.807876957872755,101.580722120378,0.807192984138728,154.204423389805,0.419354838709677,0.889400921658986,217
"UMass-flusion","27",0.834142424427448,56.4427620300793,0.808019578879561,78.1880256236158,0.481132075471698,0.905660377358491,217
"UMass-flusion","28",0.766361036088025,30.7648628870176,0.810772079450027,46.0926729204491,0.493087557603687,0.91705069124424,217
"UMass-flusion","29",0.883384314351744,98.5412527786691,0.891799193200889,137.545962217215,0.377880184331797,0.857142857142857,217
"UMass-flusion","30",0.766083165983583,14.2264564360985,0.791339732051668,21.4218083281411,0.428571428571429,0.857142857142857,217
"UMass-flusion","31",0.90041099426876,20.2079979202663,0.909297312031545,29.701807700349,0.373271889400922,0.898617511520737,217
"UMass-flusion","32",0.811430985041966,20.1111330827469,0.802779906779124,29.12026505259,0.566820276497696,0.91705069124424,217
"UMass-flusion","33",0.823122926830569,20.6393494881092,0.827455560075869,29.5493762247802,0.483870967741935,0.884792626728111,217
"UMass-flusion","34",0.783521370021599,102.804978899108,0.825279511727797,151.718512789498,0.433179723502304,0.898617511520737,217
"UMass-flusion","35",0.83548372179068,24.4003748772669,0.879741950885446,38.4999049562706,0.43778801843318,0.907834101382488,217
"UMass-flusion","36",0.81612107178532,164.027218366153,0.834417402304302,237.096917735328,0.442396313364055,0.912442396313364,217
"UMass-flusion","37",0.772671485666623,121.527333403996,0.806979411900828,172.836396376722,0.3963133640553,0.824884792626728,217
"UMass-flusion","38",0.743943522119449,7.25689706458208,0.795166509737003,11.0469440332927,0.543778801843318,0.953917050691244,217
"UMass-flusion","39",0.741968967357772,171.226888047697,0.744330047530258,253.177301612061,0.387096774193548,0.870967741935484,217
"UMass-flusion","40",0.82112786636401,60.8994652664819,0.85807859363944,87.9322444180894,0.451612903225806,0.898617511520737,217
"UMass-flusion","41",0.8952349418053,45.4376190462492,0.918118822788312,62.9636619854708,0.511520737327189,0.912442396313364,217
"UMass-flusion","42",0.837494822957345,206.012332278652,0.844678491487637,292.391025785267,0.414746543778802,0.875576036866359,217
"UMass-flusion","44",0.775518857655814,11.0522138137619,0.807638297946612,16.2534912929712,0.483870967741935,0.898617511520737,217
"UMass-flusion","45",0.732376524848074,71.8525639028049,0.772227194786065,102.109733585888,0.447004608294931,0.820276497695853,217
"UMass-flusion","46",0.813032851561094,11.2041035062598,0.872545995330359,17.5422861840462,0.382488479262673,0.935483870967742,217
"UMass-flusion","47",0.815313501235545,71.6598140951233,0.833306077946712,102.750312881943,0.488479262672811,0.903225806451613,217
"UMass-flusion","48",0.793101310734573,247.608547801455,0.818860209259095,350.952136351391,0.465437788018433,0.792626728110599,217
"UMass-flusion","49",0.833310713197265,19.7877510486171,0.86911594482568,27.0189391931723,0.511520737327189,0.898617511520737,217
"UMass-flusion","50",0.776564588143726,6.36410852711515,0.791790433220917,9.52980404785803,0.497695852534562,0.91705069124424,217
"UMass-flusion","51",0.801107526598328,75.5584954017063,0.844840451793793,109.647212268445,0.400921658986175,0.852534562211982,217
"UMass-flusion","53",0.978726823756939,44.8291662677461,0.976865714823981,63.5861970874376,0.571428571428571,0.926267281105991,217
"UMass-flusion","54",0.858941758653243,34.5549652646065,0.849673321834214,50.1903847497416,0.447004608294931,0.870967741935484,217
"UMass-flusion","55",0.876728862288422,55.621819800088,0.91455192939151,82.2058204756453,0.433179723502304,0.894009216589862,217
"UMass-flusion","56",0.949096939035162,10.9183143206219,0.973503029590067,16.3585226627468,0.423963133640553,0.907834101382488,217
"UMass-trends_ensemble","01",1.1709663730515,69.8642964975845,1.09493157829936,93.8472222222222,0.356481481481481,0.662037037037037,216
"UMass-trends_ensemble","02",1.2347151151094,7.34116445249597,1.15116062549263,10.1203703703704,0.375,0.694444444444444,216
"UMass-trends_ensemble","04",1.10633062366968,195.128155193237,1.034998431907,252.775462962963,0.365740740740741,0.652777777777778,216
"UMass-trends_ensemble","05",0.954345699931743,47.6439512882448,0.907480417184295,63.2476851851852,0.421296296296296,0.657407407407407,216
"UMass-trends_ensemble","06",1.04558196519358,291.865395531401,0.996990167055188,395.532407407407,0.416666666666667,0.662037037037037,216
"UMass-trends_ensemble","08",1.12965006289444,62.7227506038647,1.06437975060693,84.4375,0.37037037037037,0.671296296296296,216
"UMass-trends_ensemble","09",1.19990237944135,43.9514573268921,1.08031591256832,61.212962962963,0.347222222222222,0.662037037037037,216
"UMass-trends_ensemble","10",1.15839899061712,16.6348037439614,1.12518640409424,22.5509259259259,0.476851851851852,0.708333333333333,216
"UMass-trends_ensemble","11",1.06933630204191,20.1735215378422,1.11089249527993,28.099537037037,0.375,0.643518518518518,216
"UMass-trends_ensemble","12",0.90304383799541,211.324148550725,0.831066524172425,282.951388888889,0.398148148148148,0.712962962962963,216
"UMass-trends_ensemble","13",0.977797046091615,127.664751409018,0.930983431874169,162.555555555556,0.467592592592593,0.699074074074074,216
"UMass-trends_ensemble","15",0.866195596945618,8.53613627214171,0.872312034552703,12.2199074074074,0.407407407407407,0.768518518518518,216
"UMass-trends_ensemble","16",1.20618661058302,31.1458172302738,1.15398518519858,42.5208333333333,0.337962962962963,0.657407407407407,216
"UMass-trends_ensemble","17",1.14737684529569,148.6632397343,1.14883572674311,201.361111111111,0.365740740740741,0.615740740740741,216
"UMass-trends_ensemble","18",1.1632929784837,136.278605072464,1.12338861956939,187.381944444444,0.347222222222222,0.611111111111111,216
"UMass-trends_ensemble","19",1.14531515432014,38.2804216988728,1.06722448551178,54.5833333333333,0.319444444444444,0.625,216
"UMass-trends_ensemble","20",1.09226115139148,40.84432568438,1.07581679461296,57.2800925925926,0.37037037037037,0.62037037037037,216
"UMass-trends_ensemble","21",1.12152926165734,91.4727002818035,1.12752520536903,126.24537037037,0.347222222222222,0.675925925925926,216
"UMass-trends_ensemble","22",1.05412347013681,56.9637258454106,0.980935601882913,78.6388888888889,0.328703703703704,0.671296296296296,216
"UMass-trends_ensemble","23",1.13814671176642,21.1660094605475,1.03585788767848,28.8726851851852,0.384259259259259,0.671296296296296,216
"UMass-trends_ensemble","24",1.10825798115166,79.4823017310789,1.07115999417611,106.481481481481,0.333333333333333,0.601851851851852,216
"UMass-trends_ensemble","25",1.09859363572127,120.890607266789,1.0490255475433,165.75117370892,0.309859154929577,0.577464788732394,216
"UMass-trends_ensemble","26",1.1617828833107,150.405987318841,1.05112451961742,206.055555555556,0.310185185185185,0.555555555555556,216
"UMass-trends_ensemble","27",1.15283379190756,79.6908277199428,1.04180682179715,103.241784037559,0.323943661971831,0.577464788732394,216
"UMass-trends_ensemble","28",1.0792913327814,43.5534541062802,1.05673172033692,60.4074074074074,0.375,0.708333333333333,216
"UMass-trends_ensemble","29",0.97676682059449,112.214600442834,0.946984204221931,150.761574074074,0.305555555555556,0.601851851851852,216
"UMass-trends_ensemble","30",1.03559932824731,19.4883534621578,0.979054162709522,26.9050925925926,0.388888888888889,0.643518518518518,216
"UMass-trends_ensemble","31",1.14469980354116,26.3031411030596,1.06116226428286,35.5648148148148,0.319444444444444,0.638888888888889,216
"UMass-trends_ensemble","32",1.23167880171658,30.6613798309179,1.08990957647115,39.599537037037,0.384259259259259,0.625,216
"UMass-trends_ensemble","33",0.83912134090044,21.4589321658615,0.819353800535551,29.962962962963,0.342592592592593,0.666666666666667,216
"UMass-trends_ensemble","34",1.12501088232467,148.725685386473,1.08276954048542,199.923611111111,0.351851851851852,0.666666666666667,216
"UMass-trends_ensemble","35",1.12257703311072,32.9373973429952,1.02120790336949,44.8032407407407,0.351851851851852,0.675925925925926,216
"UMass-trends_ensemble","36",1.08524755461051,220.600851449275,1.00410923923789,289.430555555556,0.430555555555556,0.643518518518518,216
"UMass-trends_ensemble","37",1.07756922834501,170.720877616747,1.06688012161888,230.328703703704,0.421296296296296,0.611111111111111,216
"UMass-trends_ensemble","38",0.977977428340032,9.60048309178744,0.976819119777994,13.6273148148148,0.435185185185185,0.75,216
"UMass-trends_ensemble","39",0.98079082381328,234.063869766506,0.921247896871067,324.201388888889,0.328703703703704,0.615740740740741,216
"UMass-trends_ensemble","40",0.986886118435133,74.0536614331723,0.96904626855733,100.819444444444,0.416666666666667,0.708333333333333,216
"UMass-trends_ensemble","41",1.06490145639819,54.8827626811594,1.02135384412248,71.3541666666667,0.449074074074074,0.662037037037037,216
"UMass-trends_ensemble","42",1.14675232818021,285.030092592593,1.10075059566321,386.141203703704,0.347222222222222,0.62037037037037,216
"UMass-trends_ensemble","44",0.879764315327989,12.6670118760064,0.904444424979534,18.400462962963,0.356481481481481,0.689814814814815,216
"UMass-trends_ensemble","45",1.03777315394018,102.526460346216,1.02217787850679,136.162037037037,0.384259259259259,0.62037037037037,216
"UMass-trends_ensemble","46",1.17320868115403,16.6266706924316,1.09428248607018,22.5185185185185,0.37037037037037,0.643518518518518,216
"UMass-trends_ensemble","47",1.08708175486157,96.3992210144928,1.05999287211461,131.703703703704,0.365740740740741,0.689814814814815,216
"UMass-trends_ensemble","48",0.991174120341578,310.296848832528,0.976864592511447,419.847222222222,0.388888888888889,0.615740740740741,216
"UMass-trends_ensemble","49",1.13294803741354,27.1593810386473,1.14532149578368,35.7916666666667,0.444444444444444,0.736111111111111,216
"UMass-trends_ensemble","50",1.02072517832484,8.62714070048309,0.997353185979165,12.3402777777778,0.351851851851852,0.717592592592593,216
"UMass-trends_ensemble","51",1.07643485369477,103.690186191626,1.07293436052562,142.793981481481,0.356481481481481,0.662037037037037,216
"UMass-trends_ensemble","53",1.31433404233904,60.7090489130435,1.22861542810416,80.7523148148148,0.37962962962963,0.666666666666667,216
"UMass-trends_ensemble","54",1.27211276079612,52.9933152173913,1.19316034785274,72.7337962962963,0.351851851851852,0.601851851851852,216
"UMass-trends_ensemble","55",1.2753180079402,81.8215408615137,1.24089600286369,113.12962962963,0.300925925925926,0.560185185185185,216
"UMass-trends_ensemble","56",1.05758092923745,12.2886392914654,1.02318768410489,17.3703703703704,0.509259259259259,0.787037037037037,216
